Date,MJD,Epoch,f_Epoch,RVel,e_RVel,VLSR,RVlsr,r_RVel,Model,e_Model,Res
2000-06-23,51718.50,2000.476,,1192,100,7,1199,2,1152,15,47
2002-06-02,52427.50,2002.418,,-513,36,18,-495,2,-486,28,-9
2002-06-03,52428.50,2002.420,,-550,44,18,-532,2,-554,27,22
2003-04-10,52739.23,2003.271,,,59,,-1571,3,-1592,12,21
2003-05-10,52769.18,2003.353,,,40,,-1512,3,-1547,11,35
2003-06-08,52798.50,2003.433,,-1556,22,15,-1541,2,-1507,10,-34
2003-06-13,52803.15,2003.446,,,51,,-1428,3,-1500,10,72
2004-06-23,53179.50,2004.476,,-1151,57,8,-1143,2,-1121,7,-22
2004-07-14,53200.91,2004.535,,,46,,-1055,3,-1104,7,49
2004-07-15,53201.64,2004.537,,,37,,-1056,3,-1104,7,48
2004-08-19,53236.34,2004.632,f,,39,,-1039,3,-1078,7,39
2005-02-27,53428.46,2005.158,,,77,,-1001,3,-948,6,-53
2005-03-19,53448.18,2005.212,,,37,,-960,3,-936,6,-24
2005-03-20,53449.28,2005.215,,,54,,-910,3,-935,6,25
2005-05-30,53520.50,2005.410,,-945,23,19,-926,2,-893,6,-33
2005-06-15,53536.94,2005.455,,,60,,-839,3,-884,6,45
2005-06-18,53539.13,2005.461,,,43,,-907,3,-882,6,-25
2005-07-03,53554.50,2005.503,,-845,34,3,-842,2,-874,6,32
2005-09-05,53618.02,2005.677,f,,77,,-774,3,-838,6,64
2005-10-08,53651.63,2005.769,f,,58,,-860,3,-820,6,-40
2006-03-16,53810.51,2006.204,,,42,,-702,3,-739,5,37
2006-04-22,53847.40,2006.305,,,77,,-718,3,-721,5,3
2006-05-23,53878.50,2006.390,,-715,21,23,-692,2,-707,5,14
2006-06-18,53904.50,2006.461,,-728,17,10,-718,2,-694,5,-24
2006-06-30,53916.50,2006.494,,-699,36,4,-695,2,-689,5,-6
2006-07-01,53917.50,2006.497,,-717,37,4,-713,2,-688,5,-25
2006-08-16,53963.92,2006.624,f,,57,,-658,3,-667,5,9
2007-03-26,54185.26,2007.230,,,57,,-586,3,-570,5,-16
2007-04-22,54212.29,2007.304,,,57,,-537,3,-558,5,21
2007-05-21,54241.50,2007.384,,-507,50,24,-483,2,-546,5,63
2007-07-19,54300.29,2007.545,,-502,50,-4,-506,2,-522,5,16
2007-07-21,54302.14,2007.550,f,,57,,-505,3,-521,5,16
2007-09-04,54347.06,2007.673,f,,57,,-482,3,-503,4,21
2008-04-06,54562.20,2008.262,f,,27,,-394,3,-418,4,24
2008-05-16,54602.50,2008.372,,-443,32,26,-417,2,-402,4,-15
2008-06-06,54623.92,2008.431,,,62,,-425,3,-394,4,-31
2008-07-25,54672.28,2008.563,,-373,43,-7,-380,2,-375,4,-5
2009-05-05,54956.50,2009.342,,-282,30,30,-252,2,-268,4,17
2009-05-06,54957.50,2009.344,,-315,32,30,-285,2,-268,4,-17
2009-05-21,54972.37,2009.385,,,45,,-241,3,-262,4,21
2010-05-08,55324.50,2010.349,,-152,22,29,-123,2,-131,4,9
2010-05-10,55326.30,2010.354,,,27,,-134,3,-131,4,-3
2011-04-27,55678.03,2011.317,,,34,,-3,3,3,3,-6
2011-07-10,55752.33,2011.520,,14,23,0,14,2,32,3,-19
2011-07-27,55769.35,2011.567,,,57,,35,3,39,3,-4
2012-03-18,56004.20,2012.210,,,34,,185,3,135,3,50
2012-05-05,56052.42,2012.342,,,34,,167,3,155,3,12
2012-06-08,56086.50,2012.435,,128,25,15,143,2,169,3,-26
2012-06-09,56087.46,2012.438,,141,34,14,155,2,170,3,-15
2012-06-11,56089.50,2012.444,,151,50,13,164,2,171,3,-6
2012-06-29,56107.93,2012.494,,,34,,195,3,179,3,16
2012-07-06,56114.87,2012.513,,,34,,186,3,182,3,4
2012-07-21,56129.31,2012.553,,178,56,-6,172,2,188,3,-16
2012-07-22,56130.31,2012.555,,200,8,-6,194,2,188,3,6
2012-08-12,56151.33,2012.613,,213,25,-13,200,2,197,3,2
2012-08-13,56152.27,2012.615,,199,24,-14,186,2,198,3,-12
2012-09-15,56185.00,2012.705,,,45,,190,3,212,3,-22
2013-04-06,56388.45,2013.262,,,23,,313,3,306,3,7
2013-05-11,56423.50,2013.358,,295,38,28,323,1,323,3,0
2013-05-12,56424.50,2013.361,,298,22,27,325,1,323,3,2
2013-05-13,56425.50,2013.363,,251,39,27,278,1,324,3,-46
2013-05-14,56426.50,2013.366,,272,16,27,298,2,324,3,-26
2013-05-16,56428.50,2013.372,,286,24,26,311,2,325,3,-14
2013-05-17,56429.50,2013.374,,287,30,25,312,1,326,3,-13
2013-07-25,56498.33,2013.563,,367,15,-7,360,2,360,4,1
2013-07-26,56499.34,2013.566,,366,39,-7,359,2,360,4,-2
2013-07-27,56500.33,2013.568,,367,39,-8,360,2,361,4,-1
2013-08-10,56514.29,2013.607,,393,32,-13,380,2,368,4,12
2013-08-11,56515.31,2013.609,,354,40,-13,341,2,368,4,-27
2013-08-13,56517.29,2013.615,,353,44,-14,340,2,369,4,-30
2013-08-27,56531.99,2013.655,,,45,,361,3,377,4,-16
2013-09-22,56557.92,2013.726,,,34,,384,3,390,4,-6
2014-03-09,56725.57,2014.185,,,28,,490,3,481,4,9
2014-04-07,56754.06,2014.263,,,34,,515,3,497,4,18
2014-05-18,56795.50,2014.376,,481,32,25,506,1,522,4,-16
2014-05-23,56800.50,2014.390,,500,33,23,523,1,525,4,-2
2014-07-03,56841.36,2014.502,,553,15,3,556,1,550,4,6
2014-07-10,56848.30,2014.521,,,17,,568,3,554,4,14
2015-04-20,57132.46,2015.299,,,23,,765,3,751,5,14
2015-05-04,57146.50,2015.337,,743,28,31,774,1,762,5,12
2015-07-21,57224.35,2015.551,,829,41,-5,823,1,826,5,-3
2015-09-16,57281.12,2015.706,,,45,,869,3,877,5,-8
2016-04-14,57492.23,2016.284,,,45,,1081,3,1100,8,-19
2016-05-14,57522.50,2016.367,,1081,36,26,1107,1,1138,8,-31
2016-05-15,57523.50,2016.370,,1139,33,26,1165,1,1140,8,26
2016-05-16,57524.50,2016.372,,1117,16,26,1142,1,1141,8,1
2016-07-09,57578.06,2016.519,,,34,,1198,3,1214,9,-16
