date,ddate,mjd,vz,vzerr,vlsr,source
2000-06-23,2000.4764,51718.50000,1192, 100,1199,NIRSPEC
2002-06-02,2002.4175,52427.50000,-491,  39,-473,NIRC2
2002-06-03,2002.4203,52428.50000,-494,  39,-476,NIRC2
2003-04-10,2003.2710,52739.23275,,  59,-1571,VLT
2003-05-10,2003.3530,52769.18325,,  40,-1512,VLT
2003-06-08,2003.4333,52798.50000,-1608,  34,-1593,NIRC2
2003-06-09,2003.4360,52799.50000,-1536,  36,-1522,NIRC2
2003-06-13,2003.4460,52803.15150,,  51,-1428,VLT
2004-06-23,2004.4750,53179.00000,-1157,  47,-1149,NIRC2
2004-07-14,2004.5350,53200.90875,,  46,-1055,VLT
2004-07-15,2004.5370,53201.63925,,  37,-1056,VLT
2004-08-19,2004.6320,53236.33800,,  39,-1039,VLT
2005-02-27,2005.1580,53428.45950,,  77,-1001,VLT
2005-03-19,2005.2120,53448.18300,,  37,-960,VLT
2005-03-20,2005.2150,53449.27875,,  54,-910,VLT
2005-05-30,2005.4100,53520.50000,-983,  37,-964,NIRC2
2005-06-15,2005.4550,53536.93875,,  60,-839,VLT
2005-06-18,2005.4610,53539.13025,,  43,-907,VLT
2005-07-03,2005.5031,53554.50000,-847,  18,-844,OSIRIS Kbb
2005-09-05,2005.6770,53618.02425,,  77,-774,VLT
2005-10-08,2005.7690,53651.62725,,  58,-860,VLT
2006-03-16,2006.2040,53810.51100,,  42,-702,VLT
2006-04-22,2006.3050,53847.40125,,  77,-718,VLT
2006-06-18,2006.4613,53904.50000,-721,  25,-711,OSIRIS Kn3
2006-06-30,2006.4942,53916.50000,-671,  25,-667,OSIRIS Kn3
2006-07-01,2006.4969,53917.50000,-692,  26,-688,OSIRIS Kn3
2006-08-16,2006.6240,53963.91600,,  57,-658,VLT
2007-03-26,2007.2300,54185.25750,,  57,-586,VLT
2007-04-22,2007.3040,54212.28600,,  57,-537,VLT
2007-07-19,2007.5449,54300.29167,-485,  22,-489,OSIRIS Kn3
2007-07-21,2007.5500,54302.13750,,  57,-505,VLT
2007-09-04,2007.6730,54347.06325,,  57,-482,VLT
2008-04-06,2008.2620,54562.19550,,  27,-394,VLT
2008-05-16,2008.3723,54602.50000,-409,  18,-384,OSIRIS Kn3
2008-06-06,2008.4310,54623.92275,,  62,-425,VLT
2008-07-25,2008.5634,54672.27778,-372,  17,-379,OSIRIS Kn3
2009-05-05,2009.3415,54956.50000,-285,  16,-254,OSIRIS Kn3
2009-05-06,2009.3443,54957.50000,-321,  14,-291,OSIRIS Kn3
2009-05-21,2009.3850,54972.37125,,  45,-241,VLT
2010-05-08,2010.3491,55324.50000,-175,  18,-146,OSIRIS Kn3
2010-05-10,2010.3540,55326.29850,,  27,-134,VLT
2011-04-27,2011.3170,55678.03425,,  34,  -3,VLT
2011-07-10,2011.5204,55752.33333,  10,  28,   9,OSIRIS Kn3
2011-07-27,2011.5670,55769.34675,,  57,  35,VLT
2012-03-18,2012.2100,56004.20250,,  34, 185,VLT
2012-05-05,2012.3420,56052.41550,,  34, 167,VLT
2012-06-08,2012.4353,56086.49324, 141,  26, 156,OSIRIS Kn3
2012-06-09,2012.4380,56087.46222, 151,  23, 165,OSIRIS Kn3
2012-06-11,2012.4435,56089.50000, 169,  16, 182,OSIRIS Kn3
2012-06-29,2012.4940,56107.93350,,  34, 195,VLT
2012-07-06,2012.5130,56114.87325,,  34, 186,VLT
2012-07-21,2012.5525,56129.31250, 188,  20, 182,OSIRIS Kn3
2012-07-22,2012.5553,56130.31250, 198,  17, 191,OSIRIS Kn3
2012-08-12,2012.6128,56151.33333, 217,  15, 204,OSIRIS Kn3
2012-08-13,2012.6154,56152.27083, 200,  20, 186,OSIRIS Kn3
2012-09-15,2012.7050,56185.00125,,  45, 190,VLT
2013-04-06,2013.2620,56388.44550,,  23, 313,VLT
2013-05-11,2013.3580,56423.50000, 300,  20, 328,OSIRIS Kbb
2013-05-12,2013.3607,56424.50000, 303,  17, 330,OSIRIS Kbb
2013-05-13,2013.3635,56425.50000, 278,  20, 305,OSIRIS Kbb
2013-05-14,2013.3662,56426.50000, 256,  16, 283,OSIRIS Kn3
2013-05-16,2013.3717,56428.50000, 301,  20, 326,OSIRIS Kn3
2013-05-17,2013.3744,56429.50000, 281,  21, 306,OSIRIS Kn3
2013-07-25,2013.5628,56498.32366, 389,  28, 382,OSIRIS Kn3
2013-07-26,2013.5656,56499.34346, 355,  39, 347,OSIRIS Kn3
2013-07-27,2013.5683,56500.33333, 363,  16, 356,OSIRIS Kn3
2013-08-10,2013.6065,56514.28838, 383,  20, 370,OSIRIS Kn3
2013-08-11,2013.6093,56515.31461, 365,  32, 352,OSIRIS Kn3
2013-08-13,2013.6148,56517.29167, 363,  16, 349,OSIRIS Kn3
2013-08-27,2013.6550,56531.98875,,  45, 361,VLT
2013-09-22,2013.7260,56557.92150,,  34, 384,VLT
2014-03-09,2014.1850,56725.57125,,  28, 490,VLT
2014-04-07,2014.2630,56754.06075,,  34, 515,VLT
2014-05-18,2014.3765,56795.50000, 463,  19, 488,OSIRIS Kn3
2014-05-23,2014.3901,56800.50000, 491,  18, 513,OSIRIS Kn3
2014-07-03,2014.5019,56841.36031, 542,  17, 545,OSIRIS Kn3
2014-07-10,2014.5210,56848.29525,,  17, 568,VLT
2015-04-20,2015.2990,57132.45975,,  23, 765,VLT
2015-05-04,2015.3374,57146.50000, 710,  19, 740,OSIRIS Kn3
2015-07-21,2015.5506,57224.35417, 836,  17, 831,OSIRIS Kn3
2015-08-21,2015.6350,57255.18375, 899,  23, 884,SUBARU
2015-09-16,2015.7060,57281.11650,,  45, 869,VLT
2016-04-14,2016.2840,57492.23100,,  45,1081,VLT
2016-05-14,2016.3669,57522.50000,1078,  17,1104,OSIRIS Kbb
2016-05-15,2016.3696,57523.34299,1119,  19,1145,OSIRIS Kbb
2016-05-16,2016.3723,57524.50000,1114,  16,1140,OSIRIS Kbb
2016-07-09,2016.5190,57578.06475,,  34,1198,VLT
2017-05-07,2017.3460,57880.12650,1732,  15,1762,SUBARU
2017-05-17,2017.3745,57890.52054,1784,  13,1809,OSIRIS Kn3
2017-05-18,2017.3772,57891.51271,1782,  19,1807,OSIRIS Kn3
2017-05-19,2017.3799,57892.50654,1758,  14,1782,OSIRIS Kn3
2017-07-19,2017.5464,57953.33158,2002,  17,1998,OSIRIS Kn3
2017-07-27,2017.5683,57961.32236,2021,  15,2014,OSIRIS Kn3
2017-08-10,2017.6070,57975.45675,2138,  22,2126,SUBARU
2017-08-14,2017.6175,57979.28785,2109,  16,2095,OSIRIS Kn3
2017-09-02,2017.6694,57998.24677,2232,  20,2214,OSIRIS Kn3
2018-03-17,2018.2071,58194.64495,3758,  22,3798,OSIRIS Kn3
2018-03-30,2018.2410,58207.02525,3978,  20,4017,SUBARU
2018-04-24,2018.3109,58232.56712,3932,  15,3966,OSIRIS Kn3
2018-05-13,2018.3628,58251.51693,2973,  13,3000,NIFS
2018-05-15,2018.3684,58253.55943,2778,  18,2804,NIFS
2018-05-17,2018.3739,58255.56439,2597,  63,2622,OSIRIS Kn3
2018-05-22,2018.3874,58260.49877,2107,  20,2130,NIFS
2018-05-23,2018.3901,58261.49231,2016,  32,2038,NIFS
2018-05-23,2018.3901,58261.49873,2039,  13,2062,OSIRIS Kn3
2018-06-05,2018.4256,58274.46743, 704,  25, 721,OSIRIS Kn3
2018-07-22,2018.5540,58321.33180,-1473,  14,-1479,OSIRIS Kn3
2018-07-31,2018.5786,58330.31655,-1617,  14,-1626,OSIRIS Kn3
2018-08-11,2018.6087,58341.31004,-1706,  14,-1719,OSIRIS Kn3
2018-08-17,2018.6250,58347.29819,-1750,  18,-1764,NIFS
2018-08-18,2018.6277,58348.28038,-1764,  17,-1778,NIFS
2018-08-31,2018.6632,58361.24301,-1791,  28,-1809,NIFS
2018-08-31,2018.6633,58361.27028,-1778,  16,-1796,OSIRIS Kn3
2018-09-10,2018.6906,58371.24084,-1799,  17,-1818,NIFS
2018-09-16,2018.7070,58377.22577,-1811,  18,-1830,NIFS
2019-05-11,2019.3567,58614.54136,-1583,  14,-1555,OSIRIS Kn3
