Date,Flag,oRA-S1,oDE-S1,RV-S1,oRA-S2,oDE-S2,RV-S2,oRA-S4,oDE-S4,RV-S4,oRA-S8,oDE-S8,RV-S8,oRA-S9,oDE-S9,RV-S9,oRA-S12,oDE-S12,RV-S12,oRA-S13,oDE-S13,RV-S13,oRA-S14,oDE-S14,RV-S14,oRA-S17,oDE-S17,RV-S17,oRA-S18,oDE-S18,RV-S18,oRA-S19,oDE-S19,RV-S19,oRA-S21,oDE-S21,RV-S21,oRA-S24,oDE-S24,RV-S24,oRA-S31,oDE-S31,RV-S31,oRA-S38,oDE-S38,RV-S38,oRA-S54,oDE-S54,RV-S54,oRA-S55,oDE-S55,RV-S55,Inst
1992.224,a,-179.1,179.8,,-9.9,170.2,,97.9,106.0,,183.1,-92.9,,,,,,,,,,,269.3,224.3,,,,,,,,,,,,,,,,,,,,,,,,,,,,,NTT
1994.314,a,-178.4,97.9,,-33.7,177.5,,,,,227.5,-108.8,,152.7,-240.1,,,,,-82.9,-245.8,,242.2,196.5,,-59.4,-205.9,,,,,,,,,,,-228.6,-639.8,,,,,,,,,,,,,,NTT
1995.534,a,-167.5,49.6,,-41.8,170.3,,158.4,114.0,,252.9,-137.4,,168.6,-271.2,,8.8,-32.0,,,,,,,,,,,,,,,,,,,,-206.0,-611.8,,,,,,,,,,,,,,NTT
1996.253,a,-161.2,21.4,,-47.6,162.2,,,,,270.0,-153.0,,163.5,-284.1,,-47.1,2.3,,-134.7,-213.3,,,,,-41.8,-215.8,,,,,,,,,,,-200.0,-622.0,,,,,,,,,,,,,,NTT
1996.427,a,-151.7,9.8,,-50.3,160.2,,,,,271.0,-151.3,,164.6,-286.5,,-68.2,30.0,,-158.9,-194.5,,,,,,,,,,,,,,,,,-214.5,-628.9,,,,,,,,,,,,,,NTT
1997.544,a,-145.7,-28.4,,-63.3,128.7,,,,,291.0,-173.0,,169.0,-306.2,,,,,,,,,,,-13.1,-212.4,,,,,,,,,,,-213.5,-612.2,,-318.7,348.4,,,,,,,,,,,NTT
1998.373,a,-136.3,-68.0,,-69.2,120.4,,,,,305.4,-185.5,,,,,,,,,,,,,,,,,,,,,,,,,,,,,,,,,,,,,,,,,NTT
1999.465,a,-115.3,-96.2,,-71.2,104.2,,,,,325.3,-199.9,,175.9,-322.5,,,,,-180.2,-119.1,,39.6,41.3,,2.0,-193.2,,,,,,,,,,,-193.2,-599.7,,-320.3,337.9,,,,,,,,,,,NTT
2000.472,a,-89.5,-129.5,,-58.7,62.0,,,,,338.7,-215.8,,180.5,-329.2,,-73.0,214.6,,-211.3,-87.8,,15.1,13.9,,-10.4,-173.6,,,,,,,,,,,-179.2,-577.4,,-309.7,306.5,,,,,,,,,,,NTT
2000.487,rv,,,,,,1199,,,,,,,,,,,,,,,,,,,,,,,,,,,,,,,,,,,,,,,,,,,,,,Keck
2000.523,a,-91.7,-125.2,,-67.0,56.5,,238.7,116.4,,,,,184.5,-322.3,,-79.3,201.1,,-192.3,-84.7,,19.9,2.6,,,,,,,,,,,,,,-183.0,-586.1,,-304.4,317.5,,,,,,,,,,,GEMINI
2001.502,a,,,,-52.4,22.0,,,,,357.2,-231.4,,170.4,-333.3,,-71.3,233.0,,,,,51.9,43.1,,,,,,,,,,,,,,-171.4,-568.0,,-303.9,294.9,,,,,,,,,,,NTT
2002.250,a,-48.9,-180.4,,-8.1,-14.4,,,,,367.1,-251.6,,188.7,-344.3,,-62.1,271.1,,-167.3,9.7,,99.1,55.4,,,,,,,,,,,,,,-157.9,-538.5,,-295.9,284.6,,,,,,,,,,,VLT
2002.335,a,-44.9,-184.3,,4.0,-9.7,,,,,363.6,-244.7,,182.7,-347.5,,-66.1,255.3,,-171.8,0.4,,98.6,61.9,,16.6,-140.7,,-149.0,-4.5,,,,,-287.4,-142.7,,-171.2,-561.1,,-299.0,282.7,,,,,,,,,,,VLT
2002.393,a,-43.3,-185.1,,13.7,-2.1,,,,,363.3,-244.3,,182.7,-348.5,,-65.2,258.6,,-161.7,0.6,,104.7,62.9,,19.4,-126.1,,,,,,,,-288.0,-137.4,,-170.1,-561.8,,-298.9,283.5,,,,,,,,,,,VLT
2002.409,a,-44.2,-186.6,,15.5,-0.1,,,,,363.5,-245.0,,182.0,-348.1,,-65.8,257.2,,-163.7,3.0,,105.2,64.7,,,,,,,,,,,-291.7,-139.0,,-171.0,-559.6,,-296.5,281.7,,,,,,,,,,,VLT
2002.412,a,,,,14.7,0.2,,,,,361.6,-247.1,,,,,-65.2,260.6,,,,,110.8,67.6,,,,,,,,,,,,,,-169.4,-562.3,,-296.4,281.6,,,,,,,,,,,VLT
2002.414,a,-45.4,-187.2,,14.7,1.0,,,,,363.4,-245.6,,181.8,-346.9,,-66.1,257.6,,-166.2,5.3,,104.9,64.8,,8.5,-146.3,,,,,,,,-293.3,-136.5,,-172.8,-559.8,,-298.4,282.8,,,,,,,,,,,VLT
2002.418,rv,,,,,,-495,,,,,,,,,,,,,,,,,,,,,,,,,,,,,,,,,,,,,,,,,,,,,,Keck
2002.421,rv,,,,,,-530,,,,,,,,,,,,,,,,,,,,,,,,,,,,,,,,,,,,,,,,,,,,,,Keck
2002.488,a,,,,24.9,12.9,,,,,,,,,,,,,,,,,,,,,,,,,,,,,,,,,,,,,,,,,,,,,,,NTT
2002.578,a,-42.2,-193.3,,28.1,18.5,,,,,366.2,-247.7,,182.5,-348.8,,-65.0,261.5,,-162.4,13.1,,111.9,72.3,,10.5,-143.5,,,,,,,,-294.1,-139.7,,-171.1,-559.0,,-297.1,281.2,,,,,,,,,,,VLT
2002.660,a,-40.7,-195.3,,31.4,24.7,,,,,367.5,-248.8,,182.6,-348.5,,-64.3,263.3,,-161.8,15.9,,114.7,75.1,,11.2,-140.1,,,,,,,,-295.7,-138.4,,-171.4,-557.7,,-296.5,279.9,,,,,,,,,,,VLT
2002.660,a,-40.9,-196.3,,31.2,25.2,,,,,367.1,-249.3,,181.5,-348.7,,-64.5,263.2,,-164.1,18.3,,112.6,72.6,,11.0,-144.4,,,,,,,,-295.7,-142.8,,-170.5,-557.5,,-296.9,277.9,,,,,,,,,,,VLT
2003.214,a,-29.7,-210.8,,38.6,64.5,,,,,374.4,-257.1,,182.4,-354.9,,-60.3,278.2,,-150.7,39.7,,130.7,86.4,,13.5,-129.4,,,,,,,,-305.3,-143.3,,-166.4,-552.5,,-292.2,267.4,,,,,,,,,,,VLT
2003.271,rv,,,-917,,,-1571,,,,,,26,,,,,,330,,,,,,,,,864,,,,,,,,,,,,,,,,,,,,,,,,,VLT
2003.351,a,-26.0,-213.4,,39.0,72.9,,,,,376.8,-258.5,,182.4,-354.0,,-59.1,282.3,,-146.0,46.2,,134.9,91.4,,12.7,-126.2,,-160.2,-36.2,,,,,-307.6,-138.5,,-166.2,-550.9,,-290.8,265.6,,,,,,,,,,,VLT
2003.353,rv,,,,,,-1512,,,,,,,,,,,,,,,,,,,,,,,,,,,,,,,,,,,,,,,,,,,,,,VLT
2003.356,a,-26.4,-213.7,,38.3,72.7,,,,,376.6,-258.3,,181.4,-355.4,,-59.2,283.4,,-146.4,44.9,,137.9,92.4,,15.3,-121.9,,-169.7,-45.5,,47.2,-25.8,,-307.1,-144.1,,-164.8,-549.2,,-289.9,264.5,,,,,,,,,,,VLT
2003.446,a,-24.3,-216.0,,38.2,77.7,,,,,377.9,-259.2,,181.7,-356.2,,-58.4,285.9,,-143.0,50.3,,141.7,93.4,,16.4,-122.3,,-170.3,-42.6,,,,,-307.5,-142.1,,-164.4,-549.3,,-289.2,262.5,,,,,,,,,,,VLT
2003.446,rv,,,,,,-1428,,,,,,,,,,,,,,,,,,,,,,,,,,,,,,,,,,,,,,,,,,,,,,VLT
2003.451,a,-23.9,-216.0,,38.9,78.3,,,,,378.1,-259.5,,181.9,-354.0,,-58.3,284.7,,-142.5,50.3,,137.4,93.1,,14.4,-122.1,,-165.7,-38.2,,51.2,-36.4,,-311.2,-137.1,,-165.9,-549.6,,-290.1,261.6,,,,,,,,,,,VLT
2003.452,a,-23.3,-215.7,,39.1,78.4,,,,,377.7,-259.3,,182.8,-355.3,,-58.3,285.4,,-142.8,50.6,,135.7,93.1,,15.4,-125.0,,-164.7,-37.8,,52.0,-34.2,,-308.5,-139.9,,-164.6,-549.0,,-289.7,263.2,,,,,,,,,,,VLT
2003.454,a,-23.8,-216.4,,38.5,78.5,,,,,377.4,-260.1,,181.9,-354.5,,-58.4,284.9,,-143.2,49.9,,135.9,93.3,,14.3,-123.2,,-168.7,-38.2,,49.5,-38.6,,-307.4,-138.9,,-164.9,-549.5,,-290.1,263.1,,,,,,,,,,,VLT
2003.454,a,-23.2,-215.9,,38.9,79.7,,,,,377.9,-259.1,,182.8,-354.1,,-58.1,285.6,,-143.3,51.5,,135.9,96.0,,14.1,-120.3,,-165.9,-36.5,,53.8,-42.2,,-307.3,-137.1,,-165.5,-550.0,,-289.0,263.1,,,,,,,,,,,VLT
2003.550,a,-21.0,-218.3,,38.6,83.2,,,,,379.2,-260.8,,182.6,-355.9,,-57.6,288.0,,-139.4,53.6,,,,,16.4,-123.2,,-170.7,-38.6,,46.9,-36.0,,-309.0,-140.3,,-163.3,-548.4,,-289.0,261.3,,,,,,,,,,,VLT
2003.676,a,-17.8,-221.6,,38.3,89.7,,,,,380.5,-262.4,,182.4,-356.9,,-56.4,291.3,,-135.9,58.6,,142.1,99.7,,17.9,-121.7,,-172.2,-40.4,,47.9,-41.5,,-312.1,-139.2,,-163.9,-546.8,,-288.0,259.2,,,,,,,,,,,VLT
2003.678,a,-17.0,-221.6,,38.8,89.5,,,,,380.7,-263.0,,183.2,-358.0,,-55.5,292.6,,-137.1,60.1,,142.1,97.4,,18.2,-109.6,,-169.9,-42.2,,53.4,-32.1,,,,,-162.5,-547.1,,,,,,,,,,,,,,VLT
2003.761,a,-17.2,-223.4,,37.7,94.7,,,,,381.8,-263.2,,182.2,-357.6,,-56.7,293.7,,-133.2,63.9,,146.9,103.6,,16.2,-114.6,,-171.3,-44.0,,52.1,-49.0,,-314.6,-136.2,,-163.8,-545.7,,-287.1,257.7,,,,,,,,,,,VLT
2004.240,a,-6.0,-234.7,,35.0,111.1,,287.8,118.1,,387.3,-270.8,,182.5,-361.5,,-53.0,306.2,,-120.3,83.0,,155.6,110.2,,17.5,-110.3,,-183.7,-54.2,,,,,-317.6,-136.3,,-158.4,-543.2,,-282.7,246.2,,-54.6,61.0,,,,,,,,VLT
2004.325,a,-3.9,-236.8,,34.7,114.1,,289.2,119.0,,388.5,-271.2,,182.3,-360.6,,-52.0,306.1,,-115.5,85.0,,158.0,113.9,,18.9,-102.0,,-181.6,-53.2,,42.6,-68.2,,-320.2,-137.7,,-159.7,-540.3,,-281.0,245.9,,-57.3,58.9,,,,,,,,VLT
2004.347,a,-3.8,-237.2,,33.9,115.5,,,,,389.2,-270.4,,182.5,-361.6,,-52.0,308.7,,,,,,,,,,,-184.6,-51.2,,,,,-321.2,-135.7,,-160.0,-539.9,,-280.2,245.7,,,,,,,,,,,VLT
2004.443,a,-0.6,-239.5,,33.9,118.3,,291.6,119.2,,390.4,-272.8,,182.8,-361.4,,-50.6,308.5,,-109.9,88.7,,161.5,115.9,,20.0,-98.2,,-182.6,-55.0,,46.4,-69.4,,-321.3,-136.9,,-159.3,-538.9,,-279.1,243.8,,,,,,,,,,,VLT
2004.511,a,0.1,-241.5,,33.0,120.6,,292.0,119.0,,391.3,-273.8,,182.8,-361.7,,-50.3,309.4,,-108.6,90.5,,163.8,117.0,,18.8,-96.8,,-185.2,-55.2,,48.0,-77.2,,-322.8,-137.3,,-159.2,-538.1,,-279.0,241.9,,-64.6,61.5,,112.4,-0.7,,53.0,-166.4,,VLT
2004.513,a,0.0,-240.0,,33.2,121.0,,292.1,118.6,,390.5,-274.1,,182.6,-361.7,,-51.2,310.2,,-111.3,90.3,,157.6,117.8,,20.7,-90.9,,-187.2,-58.8,,52.9,-75.9,,-325.0,-138.0,,-157.9,-537.9,,-279.6,242.4,,-63.0,65.8,,,,,,,,VLT
2004.516,a,0.7,-240.8,,33.4,121.0,,292.1,119.3,,391.4,-273.4,,182.5,-361.5,,-50.2,310.0,,-107.1,91.3,,161.5,118.0,,27.7,-86.4,,-185.8,-56.6,,,,,-323.6,-135.9,,-158.6,-537.1,,-278.6,242.6,,-62.7,61.0,,112.6,0.8,,56.1,-168.4,,VLT
2004.516,a,0.6,-240.7,,33.1,121.0,,291.3,118.5,,391.7,-273.7,,183.1,-363.4,,-49.8,310.4,,-103.4,88.6,,169.4,118.5,,,,,-184.4,-57.5,,,,,-324.5,-136.6,,-159.8,-538.5,,-278.5,241.2,,,,,,,,,,,VLT
2004.535,rv,,,,,,-1055,,,-553,,,10,,,,,,,,,-409,,,,,,,,,,,,-1944,,,,,,,,,-480,,,,,,,,,,VLT
2004.537,rv,,,-1000,,,-1056,,,-525,,,20,,,632,,,330,,,-328,,,735,,,713,,,-190,,,-1980,,,390,,,-771,,,-420,,,,,,,,,,VLT
2004.574,a,1.6,-243.3,,32.2,122.7,,292.2,119.6,,391.6,-274.2,,180.7,-362.3,,-49.1,311.5,,,,,169.1,117.7,,22.9,-115.5,,,,,,,,,,,-156.9,-537.7,,-277.9,241.8,,,,,,,,,,,VLT
2004.574,a,2.5,-241.5,,32.2,121.8,,293.2,118.7,,392.5,-276.0,,181.3,-364.5,,,,,-102.5,90.3,,161.9,118.1,,,,,,,,,,,,,,-162.0,-540.7,,,,,,,,132.4,23.1,,,,,VLT
2004.632,rv,,,-1015,,,-1039,,,-595,,,-50,,,610,,,315,,,-302,,,765,,,705,,,-215,,,-2120,,,,,,-788,,,-450,,,,,,,,,,VLT
2004.664,a,4.4,-244.0,,31.5,125.1,,293.5,118.6,,392.6,-274.7,,182.3,-362.8,,-49.3,314.7,,-101.0,97.1,,168.8,121.3,,31.2,-81.0,,-188.6,-58.4,,,,,-325.4,-135.6,,-157.4,-535.6,,-277.5,239.7,,,,,124.5,14.3,,,,,VLT
2004.670,a,4.3,-244.6,,31.9,125.3,,294.5,118.9,,393.0,-275.6,,182.8,-362.5,,-49.0,313.2,,-98.2,93.0,,164.2,121.0,,28.9,-86.6,,-189.2,-58.4,,,,,-325.7,-135.5,,-157.6,-535.6,,-276.9,239.0,,,,,,,,62.4,-164.9,,VLT
2004.730,a,5.9,-245.6,,31.1,127.2,,295.0,118.8,,394.1,-276.1,,182.9,-362.5,,-48.5,314.4,,-97.1,94.8,,167.0,121.5,,29.0,-86.7,,-191.0,-60.9,,,,,-325.6,-135.7,,-157.4,-534.8,,-276.1,238.1,,,,,116.7,-7.9,,61.1,-165.1,,VLT
2004.730,a,6.3,-245.6,,31.8,126.8,,296.0,119.6,,394.0,-276.2,,182.9,-362.9,,-47.7,315.1,,-95.9,95.2,,169.7,121.8,,32.1,-83.5,,-187.9,-61.6,,,,,-325.1,-135.9,,-157.8,-535.6,,-276.5,237.9,,,,,,,,,,,VLT
2005.158,rv,,,,,,-1001,,,-676,,,,,,,,,,,,,,,,,,,,,,,,-2038,,,,,,,,,,,,,,,,,,,VLT
2005.212,rv,,,-1066,,,-960,,,-618,,,,,,,,,,,,,,,,,,,,,,,,,,,,,,,,,,,,,,,,,,,VLT
2005.215,rv,,,-1070,,,-910,,,-605,,,-80,,,,,,285,,,-260,,,,,,640,,,,,,-2198,,,,,,-823,,,-410,,,,,,,,,,VLT
2005.270,a,18.8,-256.6,,26.0,141.0,,301.7,119.4,,400.5,-282.8,,182.3,-365.3,,-43.1,327.5,,-73.7,113.6,,193.0,130.5,,24.0,-73.0,,-201.1,-75.6,,,,,-332.0,-130.2,,-153.3,-527.8,,-270.5,228.4,,-121.7,54.0,,122.9,-23.6,,,,,VLT
2005.366,a,19.9,-257.2,,25.1,143.1,,302.9,118.9,,401.0,-284.0,,181.3,-365.9,,-42.7,328.5,,,,,192.6,134.6,,17.2,-50.4,,-205.2,-77.5,,,,,-333.0,-128.7,,-153.5,-526.3,,-270.2,227.0,,-123.7,54.3,,134.2,-26.2,,,,,VLT
2005.371,a,20.2,-257.4,,24.7,143.3,,302.6,119.4,,401.1,-283.4,,182.5,-365.5,,-43.6,329.5,,-72.7,116.4,,,,,29.1,-77.1,,-203.5,-74.2,,,,,-334.2,-135.5,,-153.3,-526.6,,-270.3,225.6,,-126.3,60.0,,123.8,-30.2,,,,,VLT
2005.374,a,20.4,-257.5,,24.7,143.3,,303.0,118.9,,400.8,-283.8,,182.1,-365.5,,-44.3,329.2,,-73.1,116.5,,,,,29.0,-77.0,,-203.3,-76.5,,,,,-334.2,-130.8,,-152.8,-527.9,,-269.1,226.2,,-122.5,64.3,,127.9,-30.7,,,,,VLT
2005.455,rv,,,-1058,,,-839,,,-622,,,,,,,,,,,,,,,,,,605,,,,,,,,,,,,,,,,,,,,,,,,,VLT
2005.461,rv,,,-1100,,,-907,,,-665,,,-25,,,604,,,330,,,-124,,,549,,,618,,,-270,,,-2215,,,411,,,-814,,,-310,,,,,,,,,,VLT
2005.467,a,22.9,-259.4,,24.3,144.9,,304.6,118.0,,402.5,-284.8,,181.4,-366.4,,-41.6,330.7,,,,,192.9,137.1,,24.3,-67.9,,-204.0,-79.6,,,,,-333.6,-134.1,,-152.2,-526.6,,-267.8,223.5,,-125.8,56.7,,133.9,-33.2,,,,,VLT
2005.570,a,25.2,-261.4,,23.5,146.9,,305.6,118.6,,403.7,-286.6,,182.7,-366.6,,-40.7,332.8,,-65.6,121.0,,,,,31.6,-82.0,,-206.0,-81.2,,,,,-334.0,-134.1,,-151.5,-524.7,,-267.9,221.4,,-132.0,57.9,,133.5,-33.7,,,,,VLT
2005.576,a,25.4,-262.1,,23.0,147.3,,306.0,118.6,,403.9,-286.9,,182.8,-365.5,,-40.6,331.5,,-64.9,123.7,,193.2,135.8,,22.7,-61.4,,-205.2,-78.4,,,,,-336.4,-130.7,,-151.2,-524.2,,-266.9,222.3,,,,,132.6,-39.6,,,,,VLT
2005.674,a,27.8,-263.1,,,,,308.6,118.0,,404.4,-287.4,,,,,-40.2,336.9,,,,,192.7,137.6,,26.2,-63.7,,-205.1,-83.0,,,,,-333.1,-123.4,,-151.6,-526.3,,-265.8,222.4,,-140.4,47.9,,,,,,,,VLT
2005.677,rv,,,,,,-774,,,,,,,,,,,,,,,,,,,,,647,,,,,,,,,,,,,,,,,,,,,,,,,VLT
2005.769,rv,,,-1086,,,-860,,,-692,,,-66,,,571,,,310,,,,,,605,,,603,,,,,,-2296,,,411,,,-797,,,,,,,,,,,,,VLT
2006.204,rv,,,-1109,,,-702,,,-660,,,-81,,,649,,,349,,,-56,,,471,,,547,,,,,,-2326,,,402,,,-838,,,-320,,,,,,,,,,VLT
2006.305,rv,,,-1190,,,-718,,,-712,,,,,,,,,315,,,,,,,,,529,,,,,,,,,,,,,,,,,,,,,,,,,VLT
2006.324,a,42.1,-273.1,,15.7,159.7,,315.0,118.3,,412.4,-295.6,,182.7,-368.4,,-34.0,348.0,,,,,204.2,146.0,,27.3,-48.6,,-217.4,-90.2,,,,,-343.2,-127.6,,-145.6,-516.2,,-257.6,207.1,,-159.2,58.5,,142.8,-53.6,,,,,VLT
2006.411,a,44.1,-273.1,,,,,316.2,118.4,,412.8,-297.0,,183.0,-368.2,,-32.7,349.2,,,,,203.2,145.9,,27.4,-45.5,,-213.7,-88.8,,,,,-345.7,-123.1,,-146.4,-518.5,,-258.9,204.1,,-156.8,55.9,,,,,,,,VLT
2006.491,a,45.0,-274.9,,,,,320.0,116.6,,414.7,-298.3,,185.9,-368.6,,-32.1,350.7,,,,,,,,,,,-212.0,-93.5,,,,,,,,-147.1,-510.3,,-254.5,201.3,,,,,,,,,,,VLT
2006.491,a,45.8,-272.0,,,,,318.0,118.5,,414.4,-297.6,,183.5,-367.0,,-33.1,349.9,,,,,,,,,,,,,,,,,-346.8,-127.9,,-147.4,-515.2,,-256.4,203.6,,-159.3,60.6,,,,,,,,VLT
2006.567,a,48.7,-276.6,,,,,317.4,118.6,,415.3,-298.7,,183.3,-367.3,,-30.2,351.5,,,,,,,,,,,,,,,,,,,,-147.3,-517.6,,,,,,,,,,,,,,VLT
2006.583,a,47.8,-276.5,,,,,317.3,119.0,,415.4,-298.7,,182.9,-368.5,,,,,,,,208.5,155.3,,28.0,-41.2,,-212.1,-84.3,,,,,-347.0,-125.4,,-143.4,-512.5,,-254.0,202.8,,-161.9,58.0,,,,,,,,VLT
2006.624,rv,,,-1192,,,-658,,,-727,,,-82,,,567,,,279,,,,,,,,,516,,,,,,-2305,,,373,,,-807,,,-110,,,,,,,,,,VLT
2006.654,a,49.7,-277.4,,,,,318.2,117.6,,416.3,-299.3,,181.5,-369.1,,-29.6,353.5,,,,,208.6,155.7,,30.4,-44.8,,-215.8,-97.4,,,,,-351.8,-120.9,,-144.3,-512.8,,-254.1,197.9,,,,,,,,,,,VLT
2006.726,a,50.6,-277.7,,,,,319.5,117.8,,416.5,-300.5,,183.4,-368.2,,-30.5,356.1,,,,,213.2,156.1,,30.4,-39.6,,-223.0,-98.6,,,,,-346.7,-129.0,,-143.0,-511.3,,-254.4,196.8,,-173.1,55.0,,,,,,,,VLT
2006.728,a,51.1,-277.8,,,,,319.5,118.2,,417.0,-300.4,,183.2,-367.6,,-31.5,354.0,,,,,212.5,157.0,,29.4,-40.0,,-220.9,-92.6,,,,,-344.6,-123.8,,-142.3,-510.9,,-253.6,197.3,,-168.3,57.9,,,,,,,,VLT
2006.753,a,52.4,-278.5,,,,,320.3,118.6,,417.2,-300.0,,184.3,-366.9,,-30.2,356.6,,,,,215.5,156.4,,31.4,-41.7,,-221.4,-89.6,,,,,-347.0,-124.9,,-142.4,-510.4,,-250.8,198.6,,-172.6,57.6,,136.1,-67.9,,,,,VLT
2006.783,a,52.7,-278.7,,,,,320.4,118.4,,417.6,-301.1,,183.3,-368.3,,-29.9,356.9,,,,,214.6,156.6,,30.4,-39.8,,-224.0,-96.2,,,,,-346.5,-125.7,,-142.2,-509.8,,-253.2,195.9,,-171.6,55.0,,139.8,-65.0,,,,,VLT
2006.802,a,52.4,-279.9,,,,,319.5,117.9,,417.5,-301.1,,182.8,-369.0,,-31.2,356.5,,,,,217.2,154.6,,27.5,-37.3,,-224.6,-100.7,,,,,-346.4,-127.2,,-140.1,-510.0,,-253.2,196.1,,-181.4,50.3,,144.1,-63.6,,,,,VLT
2007.170,a,60.5,-284.1,,,,,323.6,117.8,,420.7,-305.4,,182.5,-368.9,,-28.7,364.8,,,,,224.9,162.3,,34.6,-35.0,,-232.7,-105.4,,19.3,-135.7,,-350.1,-124.1,,-140.0,-504.9,,-244.0,186.1,,-191.5,47.2,,,,,,,,VLT
2007.206,a,61.5,-286.4,,,,,324.0,117.6,,421.7,-306.3,,182.1,-369.4,,-28.3,364.0,,,,,224.9,162.6,,35.8,-34.9,,-226.9,-103.3,,22.3,-138.8,,-347.7,-122.2,,-137.9,-503.4,,-245.0,183.5,,-187.2,43.1,,140.1,-85.2,,79.7,-94.4,,VLT
2007.206,a,62.1,-285.7,,,,,324.2,117.6,,421.6,-306.4,,182.2,-369.6,,-27.6,364.2,,,,,226.0,163.1,,34.2,-34.1,,-229.2,-103.6,,21.2,-138.2,,-350.1,-125.9,,-138.9,-504.1,,-241.6,184.1,,-187.5,47.7,,138.1,-83.2,,,,,VLT
2007.214,a,61.9,-284.7,,,,,324.2,117.8,,421.6,-306.3,,182.9,-369.2,,-27.8,365.2,,,,,225.8,163.4,,,,,-230.9,-104.4,,21.0,-136.8,,-350.4,-124.0,,-139.3,-503.8,,-243.1,185.3,,-189.0,47.7,,135.7,-82.6,,83.1,-97.3,,VLT
2007.230,rv,,,-1180,,,-586,,,-783,,,-107,,,390,,,282,,,,,,,,,,,,,,,,,,,,,,,,,,,,,,,,,,VLT
2007.252,a,62.2,-285.4,,,,,324.9,117.9,,421.5,-306.2,,182.3,-368.5,,-27.4,365.6,,,,,226.9,164.8,,36.5,-33.8,,-231.4,-109.5,,20.4,-134.6,,-351.2,-121.8,,-139.2,-503.9,,-246.5,183.7,,-190.3,46.0,,,,,,,,VLT
2007.255,a,62.6,-285.7,,,,,324.4,118.1,,422.0,-306.8,,181.3,-369.4,,-27.8,366.6,,,,,224.7,164.1,,36.2,-32.4,,-231.5,-104.0,,21.5,-138.3,,-351.5,-122.6,,-138.0,-503.6,,-242.0,184.3,,-188.7,47.1,,144.4,-86.3,,81.1,-91.0,,VLT
2007.255,a,62.4,-285.2,,,,,324.3,117.8,,421.3,-306.0,,181.3,-369.0,,-27.7,366.0,,,,,227.1,163.5,,27.9,-28.6,,-230.9,-106.8,,17.6,-134.7,,-350.8,-124.8,,-140.0,-505.1,,,,,-190.2,50.3,,,,,,,,VLT
2007.304,rv,,,,,,-537,,,-853,,,,,,,,,,,,,,,,,,,,,,,,,,,,,,,,,,,,,,,,,,,VLT
2007.378,a,65.5,-285.4,,,,,327.3,117.3,,423.6,-308.0,,181.8,-370.9,,-25.6,367.9,,,,,225.1,162.7,,23.4,-21.6,,-230.6,-106.6,,22.0,-141.7,,-351.7,-121.4,,-139.0,-504.1,,-247.5,181.1,,-191.0,48.1,,,,,,,,VLT
2007.456,a,67.0,-288.4,,,,,326.9,117.7,,423.6,-308.8,,181.6,-369.7,,-26.2,369.2,,,,,229.5,166.5,,38.5,-28.8,,-234.8,-107.9,,16.8,-136.8,,-352.6,-122.5,,-137.6,-501.5,,-240.2,178.7,,-194.3,41.1,,,,,,,,VLT
2007.460,a,67.1,-287.4,,,,,326.8,117.7,,424.0,-308.7,,180.9,-369.6,,-25.9,368.9,,,,,230.2,166.8,,35.6,-25.9,,-233.0,-109.2,,16.4,-137.5,,-352.2,-121.0,,-137.8,-501.7,,,,,-196.0,46.6,,,,,,,,VLT
2007.545,a,70.2,-288.3,,1.3,173.6,,327.9,117.0,,425.4,-309.9,,180.9,-370.0,,-25.4,370.6,,,,,233.1,171.9,,39.4,-26.7,,-235.3,-109.7,,16.4,-134.9,,-354.7,-123.9,,-136.1,-499.4,,-239.0,178.0,,-198.1,47.2,,,,,,,,VLT
2007.550,a,69.3,-288.8,,2.6,173.1,,327.6,117.9,,425.2,-310.0,,182.0,-369.5,,-24.9,371.0,,40.6,150.4,,232.2,168.6,,37.5,-24.5,,-233.6,-107.4,,17.1,-139.2,,-351.8,-120.7,,-135.8,-500.0,,-238.8,176.1,,-197.6,39.7,,138.8,-91.8,,80.1,-80.5,,VLT
2007.550,rv,,,-1161,,,-505,,,,,,-135,,,786,,,319,,,,,,,,,498,,,,,,,,,,,,-825,,,-309,,,,,,,,,,VLT
2007.606,rv,,,,,,,,,,,,,,,,,,,,,,,,,,,,,,,,,,,,448,,,,,,,,,,,,,,,,VLT
2007.673,rv,,,,,,-482,,,-853,,,,,,,,,298,,,,,,370,,,452,,,,,,,,,,,,,,,-341,,,,,,,,,,VLT
2007.686,a,72.5,-291.0,,1.0,173.9,,330.1,117.2,,426.6,-311.5,,181.0,-370.3,,-23.6,373.5,,46.0,151.9,,234.5,169.3,,42.1,-22.4,,-234.2,-113.4,,15.2,-139.3,,-354.7,-121.4,,-136.1,-497.2,,-233.8,171.7,,-199.7,36.8,,130.0,-87.5,,76.5,-71.8,,VLT
2007.687,a,72.3,-290.0,,0.4,173.9,,328.9,117.0,,426.5,-311.5,,180.8,-371.0,,-23.8,374.0,,41.0,152.8,,234.7,170.8,,34.1,-21.1,,-235.3,-111.2,,13.5,-138.9,,-353.2,-119.1,,-136.4,-498.9,,-236.3,173.2,,-200.0,42.5,,129.0,-90.4,,,,,VLT
2007.692,a,72.2,-289.7,,,,,329.0,116.6,,426.3,-311.4,,180.4,-371.0,,-23.4,374.0,,,,,233.9,170.6,,41.8,-24.5,,-235.6,-109.8,,13.4,-142.2,,-354.3,-119.5,,-137.1,-499.8,,-237.7,173.9,,-200.8,44.7,,132.8,-90.9,,,,,VLT
2008.148,a,82.3,-294.3,,-6.0,177.0,,333.7,116.7,,431.5,-316.9,,180.1,-370.2,,-20.4,381.2,,67.7,155.3,,241.8,177.5,,47.5,-13.9,,-241.1,-123.0,,5.2,-135.1,,-356.8,-115.9,,-131.8,-490.7,,-230.1,160.2,,-210.0,33.2,,130.5,-107.5,,,,,VLT
2008.197,a,83.1,-295.4,,-6.5,177.0,,334.1,116.9,,431.0,-317.4,,179.3,-370.4,,-19.8,382.8,,67.1,154.8,,243.4,177.2,,46.0,-8.5,,-241.8,-125.2,,3.8,-136.3,,-357.1,-117.8,,-131.5,-490.2,,-228.3,159.0,,-208.4,32.2,,131.8,-107.6,,,,,VLT
2008.262,rv,,,-1115,,,-394,,,-745,,,-125,,,670,,,243,,,351,,,324,,,382,,,-438,,,-1989,,,492,,,-878,,,-380,,,-189,,,-1790,,,,VLT
2008.268,a,84.8,-296.1,,-7.4,178.0,,334.9,116.5,,432.3,-317.9,,179.0,-370.7,,-19.2,383.7,,74.8,155.6,,243.7,179.9,,53.3,-13.0,,-238.4,-123.8,,2.8,-131.9,,-358.4,-115.2,,-130.6,-488.6,,-227.6,157.9,,-212.2,33.8,,137.8,-109.1,,,,,VLT
2008.431,rv,,,,,,-425,,,,,,,,,,,,,,,,,,,,,405,,,,,,,,,,,,,,,,,,,,,,,,,VLT
2008.456,a,88.3,-297.7,,-9.7,178.2,,336.7,116.2,,433.9,-320.1,,179.3,-370.1,,-17.3,386.7,,82.4,153.7,,247.5,181.6,,50.8,-6.4,,-245.2,-130.4,,-1.9,-132.8,,-358.8,-115.6,,-129.0,-486.5,,-223.3,151.7,,-214.3,31.1,,130.3,-115.3,,,,,VLT
2008.472,a,90.3,-297.3,,-9.4,178.6,,337.5,116.2,,434.1,-320.3,,178.9,-370.2,,-15.7,387.2,,86.0,153.6,,249.7,184.4,,54.1,-8.6,,-243.6,-128.2,,0.7,-135.4,,-355.8,-115.0,,-129.1,-484.1,,-223.4,153.4,,-215.3,32.0,,136.2,-112.1,,,,,VLT
2008.473,a,89.7,-297.7,,-9.0,178.2,,337.7,116.2,,435.3,-320.5,,178.9,-370.3,,-15.7,387.7,,82.9,154.2,,249.4,182.0,,54.6,-6.9,,-245.2,-130.3,,-4.7,-134.0,,-358.2,-113.6,,-130.0,-484.8,,-222.0,150.3,,-219.3,38.5,,133.4,-114.0,,,,,VLT
2008.593,a,,,,-10.0,177.6,,335.5,116.5,,434.5,-320.5,,181.7,-370.5,,-16.4,388.9,,,,,,,,,,,-242.6,-130.1,,-5.6,-132.8,,-358.5,-112.6,,,,,,,,-217.8,29.8,,,,,,,,VLT
2008.601,a,91.1,-299.5,,-11.8,178.2,,337.6,116.2,,434.9,-321.8,,178.1,-370.4,,-16.5,389.7,,86.4,154.1,,250.1,182.3,,51.2,-3.0,,-247.5,-132.8,,-6.7,-133.2,,-358.7,-115.8,,-128.3,-484.7,,-220.1,147.6,,-217.2,30.2,,129.9,-115.8,,,,,VLT
2008.708,a,92.8,-299.1,,-12.6,179.2,,338.2,116.1,,436.4,-322.7,,177.9,-370.4,,-15.7,390.9,,94.2,153.0,,250.9,185.3,,49.9,0.3,,-248.7,-134.0,,-9.6,-130.9,,-360.6,-114.0,,-128.1,-482.8,,-218.0,145.0,,-222.0,30.5,,126.3,-118.7,,,,,VLT
2009.185,a,103.0,-303.0,,-18.4,179.1,,342.6,115.5,,440.6,-328.1,,176.7,-370.1,,-11.7,399.3,,108.5,150.3,,258.8,191.1,,51.0,16.4,,-255.7,-141.6,,-19.2,-125.9,,-361.4,-110.3,,-123.0,-475.1,,-207.3,132.2,,-233.8,25.3,,126.9,-127.6,,,,,VLT
2009.273,a,104.8,-303.0,,-19.1,179.2,,343.1,114.9,,441.5,-329.2,,176.2,-370.0,,-11.1,400.6,,110.2,149.8,,260.1,192.1,,52.1,17.4,,-255.3,-143.4,,-19.8,-126.2,,-361.8,-111.1,,-122.2,-473.9,,-205.4,129.4,,-234.5,22.9,,127.1,-130.6,,,,,VLT
2009.300,a,104.6,-303.2,,-19.6,179.3,,343.7,115.2,,441.9,-329.5,,176.0,-369.7,,-10.6,401.2,,111.3,149.3,,260.6,192.0,,53.3,18.3,,-255.6,-143.9,,-20.7,-125.7,,-362.7,-110.8,,-122.9,-474.0,,-205.1,128.8,,-235.3,22.8,,125.8,-131.5,,,,,VLT
2009.303,a,105.1,-303.4,,-19.3,179.6,,343.5,115.2,,441.8,-329.3,,176.0,-370.0,,-11.0,401.3,,111.9,149.5,,260.7,191.7,,53.1,18.6,,-255.7,-143.4,,-19.7,-126.5,,-361.7,-110.4,,-122.7,-473.6,,-205.2,129.1,,-234.5,22.5,,125.3,-132.6,,,,,VLT
2009.336,a,105.5,-303.5,,-19.4,179.2,,343.8,115.5,,442.7,-329.9,,176.2,-369.9,,-10.2,401.7,,113.6,148.9,,261.4,192.7,,55.1,19.3,,-255.9,-144.1,,-20.6,-125.8,,-362.1,-110.6,,-122.5,-473.7,,-204.3,127.9,,-235.3,22.4,,123.9,-132.0,,,,,VLT
2009.336,a,106.0,-303.9,,-19.5,179.2,,343.9,115.2,,442.1,-329.9,,175.9,-370.1,,-10.1,401.4,,113.2,149.1,,261.0,190.8,,55.2,18.9,,-255.5,-145.2,,-20.9,-124.9,,-362.9,-111.2,,-122.2,-473.8,,-205.3,128.2,,-235.0,21.1,,126.3,-131.4,,,,,VLT
2009.371,a,106.7,-304.1,,-19.7,179.0,,344.4,115.1,,442.8,-330.4,,176.2,-370.0,,-10.0,402.0,,113.9,148.9,,262.1,192.1,,55.3,19.7,,-256.1,-147.4,,-20.5,-125.4,,-362.5,-111.5,,-121.7,-473.3,,-203.3,127.6,,-236.0,22.6,,126.1,-133.9,,,,,VLT
2009.385,rv,,,-1087,,,-241,,,-786,,,-154,,,,,,293,,,369,,,293,,,305,,,-455,,,-1673,,,474,,,-837,,,-150,,,,,,,,,,VLT
2009.502,a,109.9,-304.5,,-20.9,179.0,,346.3,114.9,,445.1,-332.2,,176.5,-369.8,,-8.3,404.0,,119.3,147.9,,,,,56.0,23.0,,-256.3,-150.8,,-21.6,-122.0,,-361.9,-108.0,,-120.7,-470.2,,-200.2,122.9,,-236.5,20.5,,120.7,-134.4,,,,,VLT
2009.505,a,109.5,-304.4,,-21.2,179.2,,345.5,115.1,,444.0,-331.9,,175.7,-369.7,,-8.5,403.9,,117.2,148.2,,,,,55.3,23.7,,-258.4,-147.4,,-23.7,-124.3,,-362.6,-108.4,,-121.1,-471.0,,-200.9,123.5,,-239.2,19.9,,125.1,-133.4,,,,,VLT
2009.557,a,109.5,-304.1,,-21.9,179.5,,346.1,114.6,,444.5,-332.5,,176.3,-370.3,,-8.2,404.5,,118.4,148.1,,,,,54.5,25.3,,-257.5,-149.9,,-24.4,-124.1,,-362.6,-106.9,,-120.6,-467.1,,-199.6,121.2,,-238.6,16.5,,,,,,,,VLT
2009.557,a,111.5,-304.6,,-21.3,179.4,,346.8,114.1,,445.0,-332.0,,177.7,-370.5,,-7.7,404.2,,120.0,147.5,,,,,56.2,26.6,,-256.5,-148.4,,-22.5,-120.9,,-361.7,-106.4,,,,,-198.1,122.5,,-234.7,13.2,,118.2,-138.6,,,,,VLT
2009.606,a,110.8,-305.1,,-22.3,179.5,,346.3,115.1,,444.8,-332.3,,175.3,-369.2,,-7.9,406.1,,124.0,146.4,,,,,56.2,26.2,,-259.6,-148.1,,-24.4,-120.7,,-363.1,-108.4,,-120.0,-469.8,,-198.0,120.2,,-237.7,18.6,,120.5,-135.7,,,,,VLT
2009.718,a,113.2,-305.5,,-23.9,179.1,,347.1,114.6,,446.2,-333.8,,174.8,-369.2,,-7.1,407.4,,128.2,145.4,,266.2,197.5,,55.0,28.8,,-259.4,-150.6,,-26.0,-120.3,,-363.1,-109.0,,-119.6,-468.3,,-194.9,116.7,,-239.5,17.4,,122.0,-136.2,,,,,VLT
2009.776,a,114.4,-305.4,,-24.1,179.0,,347.7,114.7,,447.1,-334.6,,174.8,-369.2,,-6.6,409.2,,128.6,144.9,,,,,54.8,29.6,,-262.4,-151.8,,-26.7,-119.2,,-363.2,-107.1,,-119.0,-465.5,,-194.0,115.5,,-241.8,19.1,,,,,,,,VLT
2010.234,a,122.7,-307.7,,-29.5,177.5,,351.1,113.3,,450.7,-339.8,,173.1,-368.3,,-2.4,414.7,,150.8,138.7,,277.6,213.0,,55.7,39.6,,-262.2,-156.3,,-34.1,-112.9,,-364.8,-104.8,,-116.2,-460.8,,-183.8,103.0,,-245.6,9.0,,101.7,-146.4,,-56.5,-28.2,,VLT
2010.239,a,122.0,-307.4,,-29.6,176.6,,350.8,113.5,,450.6,-339.7,,172.3,-368.8,,-2.6,414.6,,149.9,138.9,,277.2,212.0,,55.7,39.7,,-263.5,-157.4,,-34.5,-112.9,,-364.8,-105.2,,-116.2,-460.8,,-184.3,102.8,,-244.7,10.0,,103.0,-147.1,,-59.2,-29.5,,VLT
2010.239,a,123.0,-307.7,,-29.0,177.1,,351.6,113.7,,450.9,-339.5,,174.2,-368.8,,-1.1,414.5,,151.5,137.8,,276.2,211.0,,56.3,39.7,,-263.5,-157.6,,,,,-363.1,-106.4,,-115.0,-460.8,,-184.2,102.0,,-243.5,9.2,,105.6,-145.4,,-51.9,-25.9,,VLT
2010.245,a,122.8,-308.3,,-29.3,176.8,,351.6,113.3,,450.8,-339.9,,173.3,-368.1,,-2.1,414.9,,152.7,138.0,,275.1,209.1,,57.3,40.3,,-263.2,-157.4,,-34.5,-110.3,,-364.3,-104.6,,-115.3,-462.1,,-184.9,101.6,,-244.2,8.7,,102.6,-149.7,,-57.9,-27.7,,VLT
2010.351,a,124.8,-308.3,,-30.6,176.6,,351.8,113.2,,451.7,-341.0,,173.4,-368.7,,-1.5,416.5,,156.8,137.0,,,,,55.7,41.7,,-266.5,-158.7,,-36.7,-111.8,,-364.4,-104.8,,-115.2,-459.2,,-181.8,99.1,,-244.7,7.8,,102.2,-148.3,,-60.8,-38.3,,VLT
2010.354,rv,,,-1191,,,-134,,,-860,,,-198,,,693,,,104,,,432,,,205,,,240,,,-556,,,-1268,,,485,,,-834,,,-294,,,,,,,,,,VLT
2010.444,a,126.5,-308.1,,-31.8,176.1,,352.4,113.0,,452.3,-341.6,,172.5,-368.2,,-0.5,417.8,,158.6,135.5,,,,,57.6,44.6,,-266.7,-158.2,,-37.9,-105.6,,-367.3,-105.2,,-113.7,-460.5,,-180.6,97.3,,-246.4,4.6,,90.0,-149.3,,-63.5,-40.4,,VLT
2010.455,a,126.2,-307.5,,-31.8,175.9,,352.3,113.3,,452.1,-341.6,,171.6,-367.6,,-0.8,418.4,,159.8,135.9,,,,,56.9,45.1,,-266.2,-159.0,,-38.4,-107.5,,-365.0,-103.6,,-114.6,-456.4,,-180.8,96.2,,-246.7,7.2,,98.7,-147.3,,-58.9,-43.2,,VLT
2010.455,a,126.4,-308.1,,-31.4,176.1,,352.6,112.9,,452.8,-341.9,,172.4,-367.7,,-0.7,418.0,,160.2,135.2,,281.7,216.2,,57.7,44.7,,-265.1,-159.2,,-37.4,-107.7,,-365.2,-103.4,,-114.4,-457.4,,-179.6,95.9,,-247.0,7.3,,99.2,-149.1,,-60.4,-45.1,,VLT
2010.455,a,127.7,-309.0,,-31.2,175.4,,353.0,113.1,,453.5,-341.5,,172.8,-367.5,,-0.2,417.0,,160.2,134.8,,280.3,212.8,,59.2,44.4,,-266.3,-157.7,,-35.7,-107.1,,-364.1,-103.8,,-113.9,-459.3,,-179.8,95.6,,-248.0,3.0,,100.6,-157.1,,-55.8,-37.8,,VLT
2010.460,a,126.1,-306.0,,-31.3,176.1,,352.9,113.1,,452.2,-342.0,,172.0,-366.8,,0.6,418.3,,162.1,134.6,,,,,57.1,46.7,,-263.4,-157.8,,-37.3,-107.4,,-360.6,-100.6,,-115.9,-455.7,,-180.0,96.4,,-249.9,9.2,,,,,-59.3,-47.2,,VLT
2010.616,a,131.2,-309.1,,-31.8,174.4,,355.0,112.4,,455.1,-344.1,,172.8,-367.9,,2.1,419.8,,166.8,132.3,,,,,60.4,48.9,,-263.2,-161.1,,-39.9,-100.1,,-364.2,-103.7,,-112.8,-454.5,,-176.1,91.2,,-247.2,2.6,,98.5,-157.0,,-56.6,-49.6,,VLT
2010.619,a,129.6,-308.2,,-33.9,175.1,,353.5,112.7,,453.5,-343.5,,171.2,-367.5,,0.7,420.1,,165.5,133.7,,,,,58.3,49.3,,-267.3,-162.4,,-42.1,-101.1,,-365.2,-102.5,,-112.9,-456.0,,-177.6,91.3,,-248.4,3.3,,97.0,-152.1,,-57.0,-55.0,,VLT
2010.622,a,129.6,-307.8,,-33.3,175.1,,353.8,112.5,,453.9,-343.3,,171.4,-367.1,,1.2,420.4,,166.7,133.3,,,,,59.9,49.4,,-266.6,-161.3,,-40.7,-98.3,,-365.0,-101.3,,-112.2,-457.3,,-177.9,91.3,,-247.7,4.0,,93.7,-150.5,,,,,VLT
2010.624,a,129.7,-308.7,,-33.2,175.3,,353.4,112.7,,453.5,-343.8,,171.6,-367.6,,0.6,420.0,,165.7,133.3,,,,,58.8,48.7,,-266.2,-162.1,,-42.0,-100.5,,-365.7,-101.7,,,,,-177.7,91.1,,-247.4,2.7,,97.6,-153.0,,-55.1,-56.1,,VLT
2010.627,a,130.3,-308.8,,-33.5,174.9,,353.3,112.6,,453.3,-343.8,,171.3,-367.8,,0.8,420.0,,166.1,133.0,,,,,59.0,48.7,,-265.9,-161.2,,-40.8,-101.7,,-365.7,-103.5,,-112.7,-455.6,,-176.4,91.4,,-248.4,3.0,,96.4,-153.9,,-55.1,-54.1,,VLT
2010.676,a,130.4,-308.8,,-33.6,174.1,,357.0,113.0,,454.3,-344.8,,172.6,-368.0,,1.5,423.3,,172.6,130.9,,,,,60.4,48.0,,-264.8,-165.2,,,,,-361.9,-100.2,,,,,-176.8,89.1,,-244.8,6.1,,,,,,,,VLT
2010.679,a,130.6,-308.3,,-34.2,174.4,,354.0,112.8,,454.4,-343.9,,171.1,-366.8,,1.8,421.1,,168.9,132.4,,,,,60.2,50.0,,-267.0,-162.8,,-40.2,-104.2,,-364.9,-100.0,,-113.0,-455.1,,-177.4,88.4,,-248.3,1.9,,94.2,-152.7,,-51.0,-66.1,,VLT
2011.238,a,140.3,-307.9,,-39.7,170.7,,357.6,110.9,,458.8,-350.2,,167.7,-362.8,,6.5,429.0,,187.0,123.7,,,,,61.5,64.1,,-269.4,-169.1,,-52.3,-88.2,,-366.3,-98.1,,,,,-164.8,70.6,,-247.2,-9.6,,,,,,,,VLT
2011.241,a,139.8,-307.2,,-39.7,170.6,,357.8,111.0,,458.8,-349.9,,166.4,-360.6,,7.0,430.8,,188.0,124.0,,,,,61.6,65.5,,-271.7,-166.5,,-52.8,-91.3,,-363.8,-96.2,,,,,-162.0,70.9,,-250.2,-5.9,,,,,,,,VLT
2011.244,a,142.3,-310.5,,-39.1,170.4,,358.0,111.1,,459.2,-350.1,,168.9,-364.1,,8.0,428.9,,188.0,123.3,,,,,66.0,64.5,,-269.7,-168.7,,-51.4,-90.0,,-364.3,-98.5,,,,,-163.0,70.3,,-249.5,-7.1,,86.4,-168.3,,,,,VLT
2011.249,a,141.7,-309.9,,-39.5,170.3,,357.9,111.2,,459.1,-350.0,,168.7,-365.0,,6.8,429.0,,189.2,124.8,,,,,63.0,63.9,,-267.3,-168.2,,-51.7,-88.2,,-364.5,-97.1,,,,,-164.2,70.8,,-250.7,-7.4,,84.3,-161.1,,,,,VLT
2011.312,a,142.9,-309.8,,-40.3,169.8,,358.1,111.2,,459.3,-350.6,,168.5,-364.6,,7.3,430.1,,191.6,123.9,,,,,63.6,65.6,,-268.9,-168.8,,-52.7,-89.7,,-365.2,-98.2,,,,,-162.0,69.7,,-252.8,-8.8,,86.0,-159.4,,,,,VLT
2011.313,a,144.2,-310.2,,-38.9,169.9,,359.6,110.6,,460.9,-351.1,,168.6,-363.5,,8.4,429.1,,190.4,121.1,,,,,64.4,66.2,,-267.4,-171.1,,-51.0,-87.8,,-362.4,-97.9,,,,,-159.2,69.5,,-247.8,-15.5,,92.1,-165.2,,,,,VLT
2011.315,a,142.5,-309.7,,-40.5,169.7,,357.8,110.7,,459.1,-350.6,,167.6,-364.2,,7.7,430.4,,190.7,122.4,,,,,64.9,65.7,,-270.9,-168.8,,-53.5,-90.2,,-363.2,-95.4,,,,,-161.8,68.3,,-251.4,-9.1,,84.6,-163.0,,,,,VLT
2011.317,rv,,,-1149,,,-3,,,-918,,,-240,,,689,,,143,,,396,,,,,,161,,,-500,,,-1249,,,465,,,-911,,,-180,,,,,,-1588,,,,VLT
2011.337,a,143.7,-310.0,,-40.4,169.3,,358.6,110.8,,460.2,-350.7,,168.6,-364.7,,7.6,429.7,,191.5,123.5,,,,,63.5,65.4,,-268.2,-169.2,,-53.0,-88.6,,-365.9,-96.9,,,,,-161.7,69.2,,-252.7,-9.2,,84.7,-161.5,,,,,VLT
2011.443,a,145.3,-310.2,,-41.4,168.4,,359.0,110.1,,460.6,-352.0,,167.8,-364.5,,,,,194.1,123.0,,,,,64.1,68.0,,-269.8,-170.8,,-54.3,-87.9,,-365.9,-96.6,,,,,-159.6,66.3,,-254.1,-11.3,,84.6,-163.4,,,,,VLT
2011.553,a,146.2,-308.6,,-42.5,167.6,,358.8,110.4,,461.6,-353.0,,,,,9.2,434.5,,,,,,,,66.6,74.8,,-271.5,-174.1,,-54.2,-90.0,,,,,,,,-153.8,65.8,,,,,,,,,,,VLT
2011.567,rv,,,,,,35,,,-864,,,,,,,,,,,,,,,,,,,,,,,,,,,,,,,,,,,,,,,,,,,VLT
2011.613,a,148.8,-310.6,,-42.7,166.9,,359.9,110.2,,461.8,-353.5,,167.4,-362.7,,10.4,434.6,,200.0,121.3,,,,,65.5,71.3,,-271.3,-173.5,,-55.5,-86.7,,-364.9,-96.7,,,,,-154.7,61.6,,-255.2,-13.1,,80.1,-165.9,,,,,VLT
2011.689,a,149.1,-311.9,,-44.0,166.3,,359.9,109.9,,462.7,-353.7,,165.9,-360.8,,10.9,437.8,,201.9,118.2,,,,,66.1,74.0,,-272.5,-172.8,,-56.5,-88.6,,-362.2,-92.9,,,,,-154.4,58.7,,-257.3,-17.5,,83.1,-178.5,,,,,VLT
2011.695,a,150.6,-311.1,,-43.9,166.1,,360.6,109.7,,462.8,-354.7,,167.0,-363.2,,11.5,435.4,,201.7,113.7,,,,,66.2,72.4,,-269.9,-175.0,,-58.2,-75.0,,-363.3,-94.8,,,,,-153.8,57.8,,-254.9,-17.2,,83.0,-168.9,,-51.4,-109.0,,VLT
2011.695,a,150.4,-310.0,,-42.8,166.2,,361.4,109.3,,463.9,-354.7,,167.2,-362.9,,11.3,434.2,,204.3,113.6,,,,,66.2,74.6,,-271.1,-173.8,,-60.7,-72.5,,-365.1,-93.2,,,,,-151.2,56.7,,-249.9,-15.6,,,,,-50.5,-110.6,,VLT
2011.698,a,150.4,-310.6,,-43.9,166.0,,360.6,109.6,,462.9,-354.6,,166.9,-362.5,,11.4,435.9,,203.2,114.5,,,,,65.3,72.0,,-269.5,-172.3,,-60.1,-75.0,,-363.0,-93.0,,,,,-153.3,57.7,,-255.4,-17.2,,79.4,-168.9,,-48.1,-114.0,,VLT
2011.722,a,150.5,-310.9,,-44.1,165.6,,360.8,109.6,,463.0,-355.1,,166.3,-362.2,,12.3,436.2,,203.3,115.1,,,,,67.2,74.0,,-269.5,-177.9,,-57.1,-89.5,,-365.2,-95.8,,,,,-152.1,55.8,,-253.7,-18.4,,78.2,-172.3,,,,,VLT
2012.202,a,,,,-48.0,159.8,,363.6,108.6,,466.6,-359.0,,,,,18.9,443.2,,,,,,,,65.3,87.7,,-267.4,-183.2,,-66.8,-68.0,,-360.2,-89.5,,,,,-139.6,41.3,,-249.7,-31.7,,73.5,-178.4,,-37.2,-145.4,,VLT
2012.210,rv,,,-1115,,,185,,,-850,,,-185,,,,,,131,,,474,,,,,,95,,,,,,,,,,,,,,,-222,,,,,,,,,,VLT
2012.339,a,160.9,-310.9,,-49.6,158.4,,363.4,108.0,,467.9,-360.3,,163.8,-358.2,,18.4,444.6,,218.2,97.1,,,,,70.2,87.8,,-272.0,-181.1,,-73.5,-64.2,,-363.7,-88.8,,,,,-137.6,37.3,,-257.0,-26.1,,68.8,-175.0,,-45.8,-112.9,,VLT
2012.342,rv,,,,,,167,,,-851,,,-200,,,,,,110,,,,,,,,,75,,,,,,,,,,,,,,,,,,,,,,,,,VLT
2012.494,rv,,,-1022,,,195,,,-888,,,-167,,,732,,,55,,,597,,,,,,44,,,,,,-1167,,,416,,,-945,,,-45,,,,,,,,,,VLT
2012.497,a,164.4,-311.1,,-50.1,156.2,,364.5,107.5,,469.7,-361.9,,162.3,-356.9,,19.5,445.1,,225.0,96.4,,,,,70.6,93.1,,-270.6,-187.5,,-73.7,-58.5,,-363.3,-87.4,,,,,-131.6,33.7,,-253.6,-27.1,,68.0,-188.3,,-34.1,-134.6,,VLT
2012.500,rv,,,,,,,,,,,,,,,,,,,,,,,,,,,,,,,,,,,,,,,,,,,,,-45,,,,,,,VLT
2012.513,rv,,,-1099,,,186,,,-814,,,-158,,,798,,,70,,,602,,,,,,76,,,,,,-1226,,,486,,,-904,,,-101,,,,,,,,,,VLT
2012.533,a,164.0,-311.7,,-51.4,156.2,,364.0,107.2,,468.6,-362.5,,161.9,-356.6,,20.3,447.1,,222.4,94.2,,,,,70.4,93.3,,-272.2,-183.8,,-77.5,-61.2,,-363.9,-86.2,,,,,-133.5,31.2,,-255.5,-31.8,,65.9,-179.4,,-31.7,-138.9,,VLT
2012.544,a,164.9,-311.8,,-51.1,156.1,,364.5,107.0,,469.5,-362.3,,163.2,-355.1,,21.0,447.2,,,,,,,,68.1,93.7,,-272.0,-189.0,,-75.8,-61.6,,-360.8,-84.6,,,,,-130.2,32.2,,-254.0,-32.3,,66.4,-178.1,,-29.9,-134.2,,VLT
2012.552,a,164.4,-310.3,,-51.7,155.8,,364.1,107.2,,469.0,-362.6,,162.3,-356.0,,20.9,447.3,,224.7,94.1,,,,,70.0,93.4,,-273.8,-183.6,,-77.1,-59.4,,-361.5,-89.0,,,,,-132.5,30.2,,-254.9,-28.6,,64.1,-176.0,,-34.0,-126.4,,VLT
2012.552,a,165.4,-310.0,,-50.5,155.6,,365.2,106.8,,469.7,-362.7,,162.6,-355.8,,20.6,446.2,,228.3,95.4,,,,,72.0,93.4,,-269.2,-184.5,,-74.2,-59.4,,-361.0,-89.9,,,,,-130.7,31.3,,-247.6,-31.2,,63.3,-175.4,,-32.9,-131.2,,VLT
2012.604,a,165.6,-311.7,,-51.7,155.0,,365.0,106.7,,469.9,-363.2,,162.2,-356.8,,21.1,448.0,,224.9,92.6,,,,,71.8,95.1,,-271.2,-185.3,,-78.4,-59.4,,-363.1,-88.2,,,,,-131.0,28.4,,-257.1,-31.7,,72.4,-180.1,,-33.0,-134.5,,VLT
2012.700,a,167.5,-311.5,,-52.0,153.4,,365.2,106.5,,471.0,-363.6,,161.7,-356.1,,22.8,451.0,,229.2,92.2,,,,,72.0,98.3,,-270.4,-188.5,,-78.2,-60.2,,-362.1,-85.7,,,,,-127.9,26.4,,-258.2,-33.5,,66.3,-187.5,,-27.8,-138.1,,VLT
2012.705,rv,,,,,,190,,,-926,,,-306,,,,,,84,,,594,,,,,,,,,,,,,,,,,,,,,,,,,,,,,,,VLT
2013.161,a,175.1,-309.5,,-55.3,147.1,,367.3,105.3,,474.3,-368.2,,159.8,-351.1,,26.6,453.1,,244.1,82.8,,,,,75.6,109.9,,-273.3,-192.8,,-83.4,-48.5,,-359.8,-80.1,,,,,-114.0,13.6,,-253.4,-38.3,,60.6,-185.5,,-21.1,-152.3,,VLT
2013.240,a,176.4,-308.7,,-55.5,145.8,,367.7,104.7,,474.4,-368.5,,158.9,-351.4,,27.3,455.2,,247.2,81.5,,,,,75.5,110.9,,-273.8,-193.8,,-84.7,-49.8,,-359.5,-81.7,,-91.9,-406.4,,-111.9,11.8,,-251.9,-39.4,,59.2,-190.5,,,,,VLT
2013.262,rv,,,-1035,,,313,,,-902,,,-207,,,728,,,42,,,543,,,,,,44,,,-597,,,-943,,,485,,,-903,,,44,,,,,,-1046,,,,VLT
2013.317,a,176.6,-309.8,,-56.5,144.6,,367.5,105.3,,475.2,-369.1,,159.0,-350.5,,27.8,454.9,,247.4,78.5,,,,,73.0,113.3,,-277.4,-193.8,,-85.5,-53.7,,-361.2,-79.4,,-92.0,-405.3,,-109.3,8.9,,-257.2,-42.2,,58.3,-178.7,,-21.2,-153.8,,VLT
2013.366,a,177.9,-308.7,,-56.7,143.4,,367.7,104.7,,475.7,-369.9,,157.7,-350.6,,28.2,456.0,,248.3,79.0,,,,,76.1,113.8,,-272.8,-195.1,,-87.1,-48.4,,-359.1,-80.5,,-90.3,-403.6,,-107.8,7.4,,-251.6,-41.3,,57.6,-189.2,,-17.2,-159.7,,VLT
2013.420,a,179.3,-307.5,,-56.7,142.7,,368.3,103.2,,476.9,-370.7,,158.3,-350.2,,29.5,457.1,,249.8,76.2,,,,,76.3,116.1,,-275.3,-196.7,,-85.7,-48.1,,-360.7,-78.9,,-86.7,-402.2,,-106.3,5.4,,-251.7,-46.6,,57.4,-201.7,,-15.6,-150.8,,VLT
2013.437,a,179.7,-310.5,,-56.0,142.7,,368.4,104.0,,476.6,-370.7,,158.0,-346.3,,29.6,456.6,,252.0,75.3,,,,,73.2,115.3,,-273.9,-197.4,,,,,-357.3,-75.1,,,,,-102.6,-0.5,,-247.9,-41.3,,,,,,,,VLT
2013.494,a,179.8,-308.2,,-57.3,140.9,,368.2,104.0,,476.1,-371.5,,157.0,-348.6,,29.2,457.3,,252.5,78.7,,,,,73.8,113.8,,-276.9,-199.0,,,,,-357.5,-82.6,,,,,-102.8,0.8,,-251.6,-41.7,,,,,-18.5,-151.4,,VLT
2013.502,a,179.8,-308.5,,-57.3,141.1,,368.2,103.8,,476.8,-371.0,,157.8,-349.9,,29.5,456.8,,252.9,76.2,,,,,76.3,117.2,,-273.4,-198.7,,,,,-359.2,-80.8,,-89.0,-401.2,,-101.7,-2.3,,-250.7,-42.8,,55.8,-195.7,,-14.2,-157.8,,VLT
2013.587,a,181.6,-308.1,,-57.9,139.5,,368.2,103.7,,477.3,-371.9,,156.8,-348.9,,30.1,458.0,,255.0,74.1,,,,,75.0,119.7,,-272.0,-201.5,,,,,-358.1,-76.5,,-89.5,-400.2,,-99.0,-6.0,,-251.3,-46.2,,52.5,-185.7,,-10.3,-158.9,,VLT
2013.590,a,,,,-57.3,139.3,,369.3,103.4,,475.8,-371.4,,,,,30.4,455.5,,,,,,,,75.0,120.9,,-273.2,-188.5,,,,,,,,,,,-94.5,0.9,,-240.1,-50.2,,,,,,,,VLT
2013.617,a,181.4,-308.4,,-58.3,139.0,,368.3,103.7,,477.2,-371.8,,156.8,-348.2,,29.8,458.3,,255.2,73.1,,,,,75.4,119.8,,-273.5,-203.9,,,,,-358.7,-80.4,,-90.7,-399.9,,-98.9,-8.0,,-249.1,-45.2,,52.8,-193.8,,-13.8,-157.5,,VLT
2013.655,rv,,,-1102,,,361,,,-957,,,-257,,,679,,,-35,,,594,,,,,,-4,,,,,,,,,,,,-951,,,295,,,,,,,,,,VLT
2013.726,rv,,,-975,,,384,,,-1003,,,-279,,,675,,,,,,499,,,,,,,,,,,,,,,,,,,,,,,,,,,,,,,VLT
2014.185,rv,,,-1093,,,490,,,-892,,,-225,,,756,,,,,,,,,,,,-38,,,,,,,,,,,,-944,,,317,,,,,,,,,,VLT
2014.224,rv,,,,,,,,,,,,,,,,,,,,,,,,,,,,,,,,,,,,,,,,,,,,,,,,,,,-400,VLT
2014.263,rv,,,-1120,,,515,,,-910,,,-146,,,801,,,26,,,482,,,262,,,-32,,,-605,,,-939,,,523,,,-931,,,442,,,,,,,,,,VLT
2014.500,rv,,,,,,,,,,,,,,,,,,,,,,,,,,,,,,,,,,,,,,,,,,,,,-120,,,,,,,VLT
2014.521,rv,,,-1053,,,568,,,-926,,,-181,,,746,,,58,,,492,,,,,,-50,,,-604,,,,,,495,,,-945,,,432,,,,,,,,,-732,VLT
2015.299,rv,,,-1021,,,765,,,-939,,,-238,,,740,,,89,,,557,,,241,,,-79,,,-503,,,-724,,,494,,,-943,,,477,,,-21,,,,,,,VLT
2015.432,a,210.1,-298.4,,-66.2,97.7,,371.1,95.9,,489.7,-388.6,,143.1,-330.9,,45.2,471.4,,286.6,29.5,,343.3,261.4,,85.0,162.1,,-270.8,-214.2,,-113.6,3.5,,-346.1,-65.7,,-71.8,-359.7,,-43.6,-59.2,,-234.4,-66.3,,23.7,-197.3,,,,,VLT
2015.517,a,211.3,-297.7,,-66.7,95.3,,371.0,95.1,,489.2,-389.2,,142.2,-330.7,,45.8,471.6,,286.0,27.4,,344.4,262.5,,85.3,163.1,,-269.4,-212.5,,-112.2,2.8,,-346.0,-62.7,,-73.1,-357.8,,-40.0,-62.1,,-233.3,-68.0,,25.6,-190.6,,,,,VLT
2015.706,a,213.8,-296.3,,-67.0,90.1,,371.0,94.5,,489.9,-390.9,,140.6,-327.9,,47.2,472.5,,290.3,22.5,,343.6,264.5,,86.5,167.9,,-268.9,-214.8,,-120.0,9.4,,-345.4,-60.0,,-73.0,-353.8,,-35.4,-67.6,,,,,30.9,-183.4,,,,,VLT
2015.706,rv,,,,,,869,,,,,,,,,,,,,,,,,,,,,,,,,,,,,,,,,,,,,,,,,,,,,,VLT
2015.747,a,213.9,-296.1,,-66.8,88.5,,370.6,94.3,,491.4,-391.3,,140.8,-327.6,,47.1,473.3,,290.4,21.3,,345.4,264.1,,86.8,168.2,,-269.5,-216.3,,-116.9,11.9,,-342.4,-60.8,,-69.9,-352.4,,-34.7,-70.1,,,,,24.8,-194.5,,,,,VLT
2016.221,a,220.2,-293.4,,-66.1,73.3,,370.1,92.2,,492.2,-394.7,,135.5,-320.2,,50.0,476.5,,297.3,10.4,,347.1,266.5,,88.0,179.2,,-267.5,-222.2,,-135.4,15.1,,-338.8,-56.9,,-68.6,-339.2,,-20.2,-81.8,,,,,,,,,,,VLT
2016.284,rv,,,-1067,,,1081,,,-1015,,,-246,,,805,,,-90,,,492,,,131,,,-165,,,-590,,,-746,,,459,,,-979,,,862,,,-2,,,,,,,VLT
2016.287,a,221.5,-293.0,,-66.0,70.8,,370.1,91.6,,494.6,-396.0,,136.2,-319.3,,51.4,476.3,,298.2,7.6,,346.3,266.9,,87.8,179.9,,-265.9,-220.6,,-128.5,11.9,,-337.8,-54.5,,-62.1,-338.0,,-15.5,-85.8,,-217.0,-78.6,,3.7,-238.2,,,,,VLT
2016.325,a,222.0,-292.3,,-66.0,69.7,,370.6,91.2,,493.4,-396.0,,135.9,-319.3,,50.0,477.5,,300.2,8.5,,347.8,265.9,,88.0,179.7,,-267.4,-219.2,,-135.5,17.8,,-337.8,-58.8,,-67.0,-336.4,,-15.0,-85.2,,,,,-2.2,-234.9,,,,,VLT
2016.369,a,,,,-66.2,68.7,,,,,491.4,-397.4,,133.8,-318.1,,,,,298.9,5.7,,,,,91.1,180.9,,,,,,,,,,,-73.6,-333.9,,-13.3,-88.9,,,,,,,,,,,VLT
2016.519,rv,,,-1003,,,1198,,,-950,,,-161,,,660,,,,,,310,,,,,,-162,,,,,,,,,,,,-987,,,1020,,,,,,,,,,VLT
2016.525,a,224.8,-290.5,,-64.4,62.7,,370.1,90.2,,494.8,-397.8,,134.7,-316.3,,52.6,478.8,,301.7,3.4,,350.5,269.2,,89.1,186.8,,-267.0,-220.9,,-138.0,22.7,,-337.2,-57.6,,,,,-6.0,-92.4,,,,,,,,,,,VLT
2016.530,a,224.7,-291.3,,-65.1,62.7,,370.0,90.2,,495.3,-398.3,,134.1,-315.3,,53.0,477.8,,299.4,3.7,,350.1,267.6,,85.3,178.2,,-265.7,-221.8,,-129.6,12.6,,-336.6,-52.9,,,,,-7.0,-91.0,,,,,,,,,,,VLT
