r,K_Schwarzschild,K_Hayward,K_TEP_Hayward_phi0_1
10.0,4.8e-05,4.7760754502223276e-05,0.8348581899238641
5.0,0.003072,0.0029521680018622064,0.4571692703101496
3.0,0.06584362139917696,0.05497386294685873,0.3867694537986207
2.5,0.196608,0.1449081521060763,0.48961883657082067
2.05,0.6467226494703786,0.38176923840553834,0.6959929356881027
2.01,0.7278885584772434,0.41781474799733137,0.7215959609697227
2.0,0.75,0.4273901816707391,0.7282241741080057
1.95,0.8730388481390761,0.4789675775286154,0.7628159213464003
1.5,4.2139917695473255,1.4659730881724646,1.2774561381867555
1.0,48.0,14.222222222222221,5.055555555555555
0.5,3072.0,129.171456,63.462496
0.1,47999999.999999985,378.6788897688813,39809.38804603565
0.01,47999999999999.99,383.9946240552955,399980009.49898434
0.001,4.8e+19,383.9999946240001,3999998000009.4995
0.0001,4.799999999999998e+25,383.99999999462403,3.99999998e+16
1e-06,4.800000000000001e+37,384.0,3.9999999999980006e+24
