source,spin_measured,spin_uncertainty,method,environment,reference
GRS 1915+105,0.98,0.02,continuum-fitting,dense,McClintock et al. 2006
Cygnus X-1,0.97,0.02,continuum-fitting,dense,"Gou et al. 2011, ApJ 742, 85"
LMC X-1,0.92,0.05,continuum-fitting,isolated,Gou et al. 2009
M33 X-7,0.84,0.05,continuum-fitting,isolated,Liu et al. 2008
4U 1543-47,0.8,0.05,continuum-fitting,isolated,Park et al. 2004
GRO J1655-40,0.7,0.05,continuum-fitting,dense,Shafee et al. 2006
A0620-00,0.12,0.19,continuum-fitting,isolated,Gou et al. 2010
XTE J1550-564,0.34,0.15,continuum-fitting,isolated,Steiner et al. 2011
H 1743-322,0.2,0.3,continuum-fitting,isolated,Steiner et al. 2011
1E 1743.1-2843,0.95,0.05,X-ray reflection,dense,Porquet et al. 2018
M87*,0.9,0.1,EHT shadow,dense,EHT 2019
Sgr A*,0.5,0.2,EHT shadow,dense,EHT 2022
