r_emit,Z_ff_static,omega_e_ff,omega_o_static,Z_ff_ff,A_e,F_e
0.001,,1003.9999999960052,0.019595919575251985,,,
0.0030204081632653063,,335.0810809708606,0.019595919575251985,,,
0.0050408163265306125,,202.3805662892752,0.019595919575251985,,,
0.007061224489795919,,145.61849570151185,0.019595919575251985,,,
0.009081632653061226,,114.11235655449651,0.019595919575251985,,,
0.011102040816326531,,94.07352393823405,0.019595919575251985,,,
0.013122448979591837,,80.20527867519918,0.019595919575251985,,,
0.015142857142857145,,70.0377219597294,0.019595919575251985,,,
0.01716326530612245,,62.263951239038725,0.019595919575251985,,,
0.019183673469387756,,56.12763133537703,0.019595919575251985,,,
0.02120408163265306,,51.16069333858544,0.019595919575251985,,,
0.02322448979591837,,47.05794637898733,0.019595919575251985,,,
0.025244897959183676,,43.611900076839845,0.019595919575251985,,,
0.02726530612244898,,40.67656563327358,0.019595919575251985,,,
0.02928571428571429,,38.14624099926961,0.019595919575251985,,,
0.031306122448979595,,35.94251091401771,0.019595919575251985,,,
0.0333265306122449,,34.00597564947017,0.019595919575251985,,,
0.035346938775510206,,32.290816432573735,0.019595919575251985,,,
0.03736734693877551,,30.76112391457801,0.019595919575251985,,,
0.03938775510204082,,29.388356634765774,0.019595919575251985,,,
0.04140816326530612,,28.149543531767268,0.019595919575251985,,,
0.043428571428571434,,27.02598819748853,0.019595919575251985,,,
0.04544897959183674,,26.0023187409055,0.019595919575251985,,,
0.047469387755102045,,25.0657802919742,0.019595919575251985,,,
0.04948979591836735,,24.20570080561593,0.019595919575251985,,,
0.051510204081632656,,23.41308258378375,0.019595919575251985,,,
0.05353061224489796,,22.680286300730593,0.019595919575251985,,,
0.05555102040816327,,22.000783980883803,0.019595919575251985,,,
0.05757142857142858,,21.368963990597248,0.019595919575251985,,,
0.059591836734693884,,20.779975699391123,0.019595919575251985,,,
0.06161224489795919,,20.22960470469927,0.019595919575251985,,,
0.0636326530612245,,19.71417182714442,0.019595919575251985,,,
0.0656530612244898,,19.230450755739486,0.019595919575251985,,,
0.0676734693877551,,18.775600445428076,0.019595919575251985,,,
0.06969387755102041,,18.34710927329766,0.019595919575251985,,,
0.07171428571428572,,17.942748634524115,0.019595919575251985,,,
0.07373469387755102,,17.560534167437574,0.019595919575251985,,,
0.07575510204081633,,17.198693183415443,0.019595919575251985,,,
0.07777551020408163,,16.85563717330387,0.019595919575251985,,,
0.07979591836734694,,16.529938490615024,0.019595919575251985,,,
0.08181632653061224,,16.220310489498136,0.019595919575251985,,,
0.08383673469387756,,15.925590534680662,0.019595919575251985,,,
0.08585714285714287,,15.64472541029275,0.019595919575251985,,,
0.08787755102040817,,15.376758741503387,0.019595919575251985,,,
0.08989795918367348,,15.120820112309946,0.019595919575251985,,,
0.09191836734693878,,14.876115618505779,0.019595919575251985,,,
0.09393877551020409,,14.641919639753846,0.019595919575251985,,,
0.0959591836734694,,14.41756765108992,0.019595919575251985,,,
0.0979795918367347,,14.202449923818694,0.019595919575251985,,,
0.1,,13.996005990017474,0.019595919575251985,,,
0.1,,13.996005990017474,0.019595919575251985,,,
0.13673469387755102,,11.303246108630974,0.019595919575251985,,,
0.17346938775510204,,9.743988056316223,0.019595919575251985,,,
0.21020408163265306,,8.720639168550878,0.019595919575251985,,,
0.24693877551020407,,7.99068189333523,0.019595919575251985,,,
0.28367346938775506,,7.436882467049775,0.019595919575251985,,,
0.3204081632653061,,6.995600269798714,0.019595919575251985,,,
0.3571428571428571,,6.629359562117225,0.019595919575251985,,,
0.3938775510204081,,6.314778033988217,0.019595919575251985,,,
0.43061224489795913,,6.036671285936237,0.019595919575251985,,,
0.46734693877551015,,5.7849248547345145,0.019595919575251985,,,
0.5040816326530612,,5.552713558264672,0.019595919575251985,,,
0.5408163265306122,,5.335422108994805,0.019595919575251985,,,
0.5775510204081632,,5.129952788874728,0.019595919575251985,,,
0.6142857142857142,,4.934259353728181,0.019595919575251985,,,
0.6510204081632652,,4.7470213451669405,0.019595919575251985,,,
0.6877551020408162,,4.567411101900831,0.019595919575251985,,,
0.7244897959183673,,4.394925568092316,0.019595919575251985,,,
0.7612244897959183,,4.229265433966754,0.019595919575251985,,,
0.7979591836734693,,4.07024975797666,0.019595919575251985,,,
0.8346938775510203,,3.917757391018604,0.019595919575251985,,,
0.8714285714285713,,3.771688493792376,0.019595919575251985,,,
0.9081632653061223,,3.631940830385655,0.019595919575251985,,,
0.9448979591836734,,3.4983966213140283,0.019595919575251985,,,
0.9816326530612244,,3.37091666308629,0.019595919575251985,,,
1.0183673469387755,,3.249339206658204,0.019595919575251985,,,
1.0551020408163265,,3.133481743642911,0.019595919575251985,,,
1.0918367346938775,,3.023144381895438,0.019595919575251985,,,
1.1285714285714286,,2.9181139097547746,0.019595919575251985,,,
1.1653061224489796,,2.8181679641597794,0.019595919575251985,,,
1.2020408163265306,,2.723078948304055,0.019595919575251985,,,
1.2387755102040816,,2.632617506354044,0.019595919575251985,,,
1.2755102040816326,,2.546555471811531,0.019595919575251985,,,
1.3122448979591836,,2.464668276019089,0.019595919575251985,,,
1.3489795918367347,,2.3867368452374627,0.019595919575251985,,,
1.3857142857142857,,2.312549037354767,0.019595919575251985,,,
1.4224489795918367,,2.2419006791245275,0.019595919575251985,,,
1.4591836734693877,,2.1745962665781664,0.019595919575251985,,,
1.4959183673469387,,2.110449388210248,0.019595919575251985,,,
1.5326530612244897,,2.049282924920376,0.019595919575251985,,,
1.5693877551020408,,1.9909290739682133,0.019595919575251985,,,
1.6061224489795918,,1.9352292372644728,0.019595919575251985,,,
1.6428571428571428,,1.88203380771232,0.019595919575251985,,,
1.6795918367346938,,1.8312018813121775,0.019595919575251985,,,
1.7163265306122448,,1.782600917469236,0.019595919575251985,,,
1.7530612244897958,,1.736106365419177,0.019595919575251985,,,
1.7897959183673469,,1.691601270878388,0.019595919575251985,,,
1.8265306122448979,,1.6489758738649165,0.019595919575251985,,,
1.863265306122449,82.0643910010054,1.6081272060477345,0.019595919575251985,57.433147320547654,1.0733844468784228,0.003629070613237917
1.9,80.06558140122722,1.5689586938842397,0.019595919575251985,56.03427108678168,1.0526315789473684,0.018888435928794634
1.9,80.06558140122722,1.5689586938842397,0.019595919575251985,56.03427108678168,1.0526315789473684,0.018888435928794634
1.904736842105263,79.81383892328897,1.564025568532887,0.019595919575251985,55.858087937843294,1.0500138159712629,0.020833226590020737
1.9094736842105262,79.56343529308593,1.5591186791340772,0.019595919575251985,55.682841787745446,1.047409040793826,0.02277276434038855
1.9142105263157894,79.31436103820344,1.5542378400671342,0.019595919575251985,55.50852600717448,1.0448171569975255,0.024707041777377814
1.9189473684210525,79.06660676437511,1.5493828672427692,0.019595919575251985,55.33513402150918,1.0422380691168405,0.02663605212056852
1.9236842105263157,78.8201631548273,1.5445535780902355,0.019595919575251985,55.16265931036201,1.039671682626539,0.02855978919712998
1.9284210526315788,78.57502096962749,1.5397497915445584,0.019595919575251985,54.99109540712303,1.037117903930131,0.030478247427607408
1.933157894736842,78.33117104503656,1.5349713280338433,0.019595919575251985,54.82043589850664,1.034576640348489,0.03239142181199639
1.9378947368421051,78.08860429286517,1.5302180094666626,0.019595919575251985,54.65067442410106,1.0320478001086366,0.034299307916102806
1.9426315789473683,77.84731169983385,1.525489659219517,0.019595919575251985,54.48180467592058,1.0295312923327014,0.03620190185818084
1.9473684210526314,77.6072843269375,1.5207861021243811,0.019595919575251985,54.31382039796071,1.0270270270270272,0.03809920029584424
1.9521052631578948,77.36851330881366,1.5161071644563253,0.019595919575251985,54.14671538575614,1.0245349150714478,0.039991200413246
1.956842105263158,77.13098985311508,1.51145267392122,0.019595919575251985,53.980483485941576,1.0220548682087143,0.04187789990851909
1.961578947368421,76.89470523988624,1.506822459643518,0.019595919575251985,53.81511859581543,1.0195867990340757,0.043759296981476736
1.9663157894736842,76.65965082094408,1.5022163521541199,0.019595919575251985,53.650614662906385,1.0171306209850106,0.04563539032156383
1.9710526315789474,76.4258180192631,1.4976341833783238,0.019595919575251985,53.4869656845431,1.014686248331108,0.04750617909605559
1.9757894736842105,76.19319832836429,1.4930757866238507,0.019595919575251985,53.324165707426495,1.0122535961640917,0.04937166293849948
1.9805263157894737,75.96178331170852,1.4885409965689584,0.019595919575251985,53.16220882720526,1.0098325803879884,0.05123184193739505
1.9852631578947368,75.73156460209393,1.4840296492506326,0.019595919575251985,53.00108918805411,1.007423117709438,0.05308671662510733
1.99,75.50253390105804,1.47954158205287,0.019595919575251985,52.84080098225532,1.0050251256281406,0.05493628796700567
