r,z_Schwarzschild_phi0_1,z_Hayward_phi0_1,clock_rate_Hayward_phi0_1
2.01,13.248334113151765,3.0139943974902206,0.24912839953769186
2.2511557788944723,2.3698202843429765,1.9172297095281348,0.3427909693685902
2.4923115577889448,1.8038416693256614,1.6410225341521518,0.3786412221283944
2.733467336683417,1.638459597431106,1.556485008712409,0.3911620825438194
2.9746231155778893,1.5983615038817836,1.5500426093158515,0.3921503100955199
3.2157788944723618,1.6150016981062194,1.5837122368530356,0.38704000613396533
3.456934673366834,1.662482265864845,1.6408943245537722,0.3786596043251252
3.6980904522613063,1.7287006129315965,1.7131042235973766,0.36858149101035037
3.9392462311557788,1.8071991167538708,1.7955278511224617,0.35771419683709454
4.180402010050251,1.8942016668467176,1.8852207492430049,0.34659393055535526
4.421557788944724,1.9873461203108733,1.9802766604577235,0.33553931863708786
4.662713567839196,2.0850761250735403,2.0794051252909695,0.32473804495129927
4.903869346733668,2.18632304338005,2.1817004816380887,0.31429734061112913
5.145025125628141,2.2903280103806303,2.286507914373889,0.3042743319212452
5.386180904522613,2.396536844275245,2.393341977000793,0.294694730674876
5.627336683417085,2.504535147949367,2.5018350167528687,0.2855645669244765
5.868492462311558,2.614006701065011,2.6117034084177857,0.2768776632292959
6.10964824120603,2.7247059192075893,2.722724798153882,0.26862044717780514
6.350804020100503,2.836439115352034,2.834722376834567,0.26077507097801067
6.591959798994975,2.9490514405457713,2.947553769122977,0.2533214386645755
6.833115577889448,3.0624175882090965,3.061103028943484,0.24623852014415773
7.074271356783919,3.1764350521837086,3.1752747717310656,0.2395051953875124
7.315427135678392,3.291019154354535,3.289989805437279,0.23310078703044138
7.556582914572864,3.4060993217282816,3.405181831362647,0.22700538553948224
7.797738693467337,3.521616260786229,3.5207949208314666,0.22120003616887796
8.03889447236181,3.637519786151076,3.636781562663767,0.21566683409289475
8.28005025125628,3.753767133097594,3.753101136139991,0.21038895898859478
8.521206030150754,3.8703216324407874,3.8697187049828248,0.20535067025057804
8.762361809045226,3.987151660022878,3.986604056229438,0.20053727721790252
9.003517587939697,4.104229796537678,4.1037309278391945,0.19593509417695293
9.24467336683417,4.221532150081988,4.221076383141744,0.19153138675175968
9.485829145728644,4.339037805768107,4.3386203005390085,0.187314314130757
9.726984924623116,4.456728375403955,4.456344954412839,0.18327287009067236
9.968140703517587,4.574587626615026,4.574234668761855,0.17939682475228821
10.20929648241206,4.692601175506998,4.69227552925046,0.17567666829572404
10.450452261306532,4.810756230507791,4.81045514248742,0.17210355737673003
10.691608040201006,4.929041377704401,4.928762433733935,0.16866926465296064
10.932763819095477,5.047446400031032,5.047187476067105,0.16536613160377286
11.17391959798995,5.165962124234319,5.16572134543523,0.16218702467641463
11.415075376884422,5.284580290756975,5.284355997138466,0.1591252946929395
11.656231155778896,5.403293442629616,5.403084160128138,0.15617473938996113
11.897386934673367,5.522094830205378,5.521899246195667,0.1533295689263088
12.138542713567839,5.640978329160903,5.640795271659898,0.15058437417391507
12.379698492462312,5.75993836965552,5.759766789590707,0.14793409759932685
12.620854271356784,5.878969874915154,5.87880883095116,0.14537400654318314
12.862010050251257,5.998068207808764,5.997916853318334,0.1428996687100978
13.103165829145729,6.1172291242287224,6.117086696068108,0.14050692968970832
13.344321608040202,6.2364487322845195,6.236314541092876,0.13819189233985033
13.585477386934674,6.355723456480712,6.35559687827122,0.13595089787397774
13.826633165829145,6.47505000618257,6.474930475032147,0.13378050850642853
14.067788944723619,6.594425347782029,6.5943123494584075,0.13167749152052133
14.30894472361809,6.713846680066763,6.713739746457901,0.12963880463548091
14.550100502512564,6.833311412370204,6.833210116602483,0.12766158255866272
14.791256281407035,6.952817145142728,6.952721097292212,0.1257431246193816
15.032412060301509,7.072361652636536,7.072270495952257,0.12388088338980194
15.27356783919598,7.191942867440549,7.191856275011062,0.12207245420680304
15.514723618090452,7.311558866638675,7.311476538443365,0.1203155655165078
15.755879396984925,7.431207859395917,7.43112951969105,0.11860806997027891
15.997035175879397,7.550888175803323,7.550813570800091,0.11694793620748194
16.23819095477387,7.670598256835261,7.670527152633095,0.1153332412662264
16.479346733668343,7.790336645291658,7.790268826035186,0.11376216356867051
16.720502512562817,7.910101977614268,7.910037243846672,0.11223297643234953
16.961658291457287,8.029892976480086,8.029831143669282,0.11074404206340992
17.20281407035176,8.149708444087127,8.149649341304325,0.10929380599163438
17.44396984924623,8.269547256058138,8.269490724791016,0.10788079191077085
17.685125628140703,8.389408355896974,8.389354248982011,0.10650359689095971
17.926281407035177,8.509290749939879,8.509238930600377,0.1051608869330265
18.16743718592965,8.629193502751022,8.629143843728988,0.10385139283709564
18.408592964824123,8.749115732917211,8.749068115688777,0.10257390636041827
18.649748743718597,8.869056609202008,8.869010923267359,0.10132727664151044
18.890904522613063,8.989015347023923,8.988971489263676,0.10011040686969802
19.132060301507536,9.10899120522722,9.10894907931831,0.09892225118097382
19.37321608040201,9.228983483117355,9.22894299900217,0.09776181176271583
19.614371859296483,9.348991517736103,9.348952591139412,0.0966281361513031
19.855527638190956,9.469014681354038,9.468977233342839,0.09552031470801955
20.09668341708543,9.5890523791604,9.589016335742395,0.09443747825986239
20.337839195979903,9.709104047132435,9.7090693388893,0.093378795892988
20.57899497487437,9.829169150068198,9.829135711820228,0.09234347288754347
20.820150753768843,9.949247179768301,9.949214950267425,0.09133074878355328
21.061306532663316,10.069337653353633,10.069306575002066,0.09033989556837377
21.30246231155779,10.189440111707373,10.189410130299498,0.08937021597699125
21.543618090452263,10.30955411803065,10.309525182515934,0.08842104189713987
21.784773869346736,10.429679256502316,10.42965131876738,0.08749173287185143
22.02592964824121,10.549815131034185,10.549788145702221,0.0865816746926314
22.267085427135676,10.669961364113894,10.66993528835989,0.0856902780769868
22.50824120603015,10.790117595728262,10.790092389108647,0.0848169774245172
22.749396984924623,10.91028348236069,10.910259106656076,0.08396122964622556
22.990552763819096,11.03045869605672,11.03043511512667,0.08312251306211138
23.23170854271357,11.150642923552443,11.150620103201156,0.08230032636248284
23.472864321608043,11.270835865460826,11.270813773312861,0.08149418762876565
23.714020100502516,11.391037235511543,11.39101584089671,0.08070363340990065
23.955175879396982,11.51124675984026,11.511226033686917,0.0799282178507098
24.196331658291456,11.631464176323645,11.631444091059704,0.07916751186887498
24.43748743718593,11.751689233956672,11.751669763417702,0.07842110237741759
24.678643216080403,11.871921692269208,11.871902811613019,0.07768859154979021
24.919798994974876,11.992161320778907,11.992143006406149,0.07696959612489804
25.16095477386935,12.112407898477906,12.11239012795816,0.07626374674955759
25.402110552763823,12.232661213350816,12.23264396535376,0.07557068735607486
25.64326633165829,12.352921061921863,12.352904316153165,0.074890074572787
25.884422110552762,12.473187248829175,12.47317098597063,0.07422157716555977
26.125577889447236,12.593459586424194,12.593443788077932,0.07356487550837158
26.36673366834171,12.713737894394693,12.713722543031029,0.07291966108124122
26.607889447236182,12.834021999409629,12.834007078318344,0.07228563599387428
26.849045226130656,12.954311734784456,12.954297228029242,0.07166251253351219
27.09020100502513,13.074606940165502,13.074592832541333,0.0710500127355683
27.331356783919595,13.19490746123219,13.1948937382254,0.07044786797572862
27.57251256281407,13.315213149415891,13.315199797166786,0.06985581858228179
27.813668341708542,13.435523861634348,13.435510866902145,0.06927361346752252
28.054824120603016,13.555839460040714,13.555826810170657,0.06870100977714749
28.29597989949749,13.67615981178621,13.676147494678723,0.06813777255663175
28.537135678391962,13.796484788795608,13.796472792877305,0.06758367443363786
28.778291457286436,13.9168142675547,13.916802581751144,0.06703849531556956
29.019447236180902,14.037148128909006,14.037136742619122,0.06650202210143785
29.260603015075375,14.15748625787309,14.157475160945081,0.0659740484072579
29.50175879396985,14.277828543449756,14.277817726158437,0.06545437430424476
29.742914572864322,14.3981748784586,14.398164331484066,0.06494280606911931
29.984070351758795,14.51852515937333,14.51851487378085,0.06443915594587855
30.22522613065327,14.638879286167338,14.638869253388387,0.06394324191842295
30.466381909547742,14.75923716216702,14.759227373981432,0.06345488749346972
30.707537688442216,14.879598693912433,14.879589142431525,0.06297392149321548
30.948693467336682,14.999963791024847,14.999954468675515,0.06250017785724239
31.189849246231155,15.120332366080792,15.120323265590457,0.06203349545319257
31.43100502512563,15.240704334492197,15.240695448874629,0.06157371789576248
31.672160804020102,15.361079614392391,15.361070936934258,0.061120693373595276
31.913316582914575,15.481458126527485,15.481449650775676,0.06067427448367302
32.15447236180905,15.60183979415297,15.601831513902567,0.06023431807283361
32.39562814070352,15.722224542935155,15.722216452218078,0.05980068508605852
32.63678391959799,15.842612300857233,15.84260439393146,0.05937324042119691
32.87793969849246,15.96300299812971,15.962995269469076,0.05895185278981092
33.119095477386935,16.083396567104923,16.08338901138946,0.05853639458384411
33.36025125628141,16.203792942195506,16.203785554302275,0.058126741747831355
33.60140703517588,16.324192059796534,16.324184834790934,0.05772277365638417
33.842562814070355,16.444593858211178,16.44458679133868,0.05732437299669974
34.08371859296482,16.564998277579665,16.564991364258006,0.05693142565585558
34.324874371859295,16.685405259811425,16.685398495623158,0.056543820612664365
34.56603015075377,16.805814748520177,16.805808129205595,0.05616144983387591
34.80718592964824,16.92622668896187,16.926220210412325,0.055784208174523967
35.048341708542715,17.046641027975358,17.046634686226845,0.055411993282226624
35.28949748743719,17.16705771392556,17.16705150515266,0.05504470550525897
35.530653266331655,17.287476696649083,17.287470617159197,0.054682247804225946
35.77180904522613,17.407897927402185,17.407891973630026,0.05432452566717234
36.0129648241206,17.528321358810878,17.528315527313236,0.05397144702797538
36.254120603015075,17.64874694482314,17.648741232273913,0.05362292218787285
36.49527638190955,17.769174640663135,17.769169043848567,0.053278863739987546
36.73643216080402,17.889604402787292,17.88959891860146,0.0529391864967156
36.977587939698495,18.010036188842218,18.010030814282704,0.052603807419853064
37.21874371859296,18.130469957624275,18.130464689788074,0.05227264555334112
37.459899497487434,18.250905669040858,18.25090050512044,0.051945621958516465
37.70105527638191,18.371343284073166,18.37133822135273,0.05162265965175886
37.94221105527638,18.49178276474051,18.49177780059242,0.05130368354443311
38.183366834170855,18.612224074066003,18.61221920594736,0.05098862038502773
38.42452261306533,18.7326671760436,18.732662401493005,0.050677398703397394
38.6656783919598,18.853112035606472,18.85310735224089,0.05036994875702048
38.90683417085427,18.97355861859654,18.973554024108335,0.05006620247918758
39.14798994974874,19.094006891735265,19.094002383889357,0.04976609342904048
39.389145728643214,19.214456822595483,19.214452399226623,0.04946955674338517
39.63030150753769,19.334908379574358,19.334904038584526,0.049176529090206034
39.87145728643216,19.45536153186737,19.455357271223274,0.04888694862381144
40.112613065326634,19.575816249443232,19.57581206717395,0.04860075494154473
40.35376884422111,19.6962725030198,19.696268397214485,0.04831788904199707
40.59492462311558,19.816730264040856,19.816726232846552,0.04803829328466201
40.83608040201005,19.937189504653738,19.93718554627328,0.04776191135097407
41.07723618090452,20.057650197687817,20.05764631037784,0.04748868820667626
41.318391959798994,20.178112316633733,20.17810849870274,0.04721857006546428
41.55954773869347,20.2985758356234,20.29857208542993,0.04695150435385697
41.80070351758794,20.419040729410735,20.419037045361605,0.046687439677245195
42.041859296482414,20.539506973353074,20.539503353901654,0.04642632578707348
42.28301507537689,20.659974543393254,20.659970987037862,0.04616811354911035
42.524170854271354,20.7804434160423,20.780439921324657,0.045912754912765835
42.76532663316583,20.900913568362782,20.9009101338665,0.045660202881415805
43.0064824120603,21.0213849779527,21.021381602301844,0.04541041148369511
43.247638190954774,21.141857622929948,21.141854304787667,0.04516333574572266
43.48879396984925,21.262331481917325,21.262328219984518,0.04491893166422355
43.72994974874372,21.382806534028063,21.3828033270421,0.044677156180514516
43.971105527638194,21.50328275885182,21.50327960558535,0.044437967155320696
44.21226130653266,21.623760136441195,21.623757035700937,0.044201323344392855
44.453417085427134,21.744238647298662,21.744235597924295,0.043967184374895545
44.69457286432161,21.86471827236395,21.86471527322702,0.043735510722538055
44.93572864321608,21.985198993001884,21.98519604300476,0.04350626368942095
45.176884422110554,22.10568079099057,22.105677889065433,0.04327940538257229
45.41804020100503,22.226163648510003,22.226160793617886,0.043054898693148685
45.6591959798995,22.346647548131056,22.34664473926093,0.04283270727627718
45.90035175879397,22.46713247280483,22.46712970897267,0.04261279553151528
46.14150753768844,22.58761840585231,22.587615686100264,0.04239512858390689
46.382663316582914,22.70810533095443,22.70810265434998,0.04217967226561334
46.62381909547739,22.828593232142374,22.828590597777524,0.041966393098099096
46.86497487437186,22.949082093788245,22.949079500778776,0.04175525827485277
47.106130653266334,23.069571900596024,23.069569348080726,0.0415462356446248
47.34728643216081,23.1900626375928,23.19006012473277,0.041339293695163856
47.58844221105527,23.310554290120262,23.310551816098215,0.041134401537434855
47.82959798994975,23.43104684382653,23.431044407846116,0.04093152889030182
48.07075376884422,23.551540284658124,23.551537885943322,0.04073064606566001
48.31190954773869,23.672034598852306,23.67203223664677,0.040531723954001786
48.55306532663317,23.79252977292955,23.792527446496035,0.04033473401040165
48.79422110552764,23.913025793686348,23.91302350230612,0.04013964824090633
49.035376884422114,24.03352264818812,24.033520391160426,0.03994643918931633
49.27653266331658,24.154020323762456,24.154018100403935,0.03975507992434583
49.51768844221105,24.274518807992468,24.2745166176367,0.03956554402714845
49.75884422110553,24.395018088710415,24.395015930707373,0.03937780557919679
50.0,24.51551815399144,24.51551602770703,0.03919183915050397
0.001,nan,-0.999499998999997,1999.9959999960079
0.01099497487437186,nan,-0.9945011829073928,181.85729460694728
0.02098994974874372,nan,-0.9894957653462476,95.19970116459449
0.03098492462311558,nan,-0.9844777059556586,64.42346712047706
0.04097989949748744,nan,-0.9794408914658325,48.64024129928029
0.0509748743718593,nan,-0.9743791018523134,39.03063796732243
0.06096984924623116,nan,-0.9692859765405523,32.558417535895884
0.07096482412060302,nan,-0.9641549802508721,27.897878338435817
0.08095979899497488,nan,-0.958979368076485,24.377976474486072
0.09095477386934674,nan,-0.9537521493803434,21.622626491856277
0.10094974874371859,nan,-0.9484660500801873,19.404683738700566
0.11094472361809046,nan,-0.9431134728648186,17.578854789705584
0.12093969849246232,nan,-0.9376864548476124,16.047875266196172
0.13093467336683418,nan,-0.9321766221144522,14.74417864718421
0.14092964824120605,nan,-0.9265751405610597,13.619365534251996
0.1509246231155779,nan,-0.9208726623369862,12.63785727581008
0.16091959798994976,nan,-0.9150592671176322,11.772914667275996
0.17091457286432163,nan,-0.9091243973080839,11.004053567492386
0.18090954773869347,nan,-0.9030567861388555,10.315317185918135
0.19090452261306534,nan,-0.8968443774381926,9.694091074878962
0.20089949748743718,nan,-0.890474235651226,9.130271821848218
0.21089447236180905,nan,-0.88393244441385,8.615672096736454
0.22088944723618092,nan,-0.8772039916670006,8.143587186386306
0.23088442211055277,nan,-0.8702726388999859,7.708474076097511
0.24087939698492464,nan,-0.8631207716201947,7.3057103830630385
0.2508743718592965,nan,-0.8557292275355509,6.931410866649504
0.26086934673366835,nan,-0.8480770981723269,6.582286067273153
0.2708643216080402,nan,-0.8401414986906812,6.255532185085647
0.2808592964824121,nan,-0.8318972994454641,5.9487444086335755
0.29085427135678393,nan,-0.8233168112927344,5.65984804392925
0.3008492462311558,nan,-0.8143694146581355,5.387043294392252
0.3108442211055277,nan,-0.8050211198188757,5.128760607667131
0.3208391959798995,nan,-0.7952340425100496,4.883624271622779
0.33083417085427136,nan,-0.7849657745754668,4.650422499142828
0.34082914572864326,nan,-0.7741686235597458,4.428082650705358
0.3508241206030151,nan,-0.7627886873377561,4.215650547087784
0.36081909547738694,nan,-0.7507647193165875,4.0122730508215465
0.37081407035175884,nan,-0.7380267252830096,3.8171832645154344
0.3808090452261307,nan,-0.7244942129189024,3.6296878210606915
0.3908040201005025,nan,-0.7100739868356176,3.449155834916475
0.40079899497487437,nan,-0.6946573418187937,3.275009151870773
0.41079396984924627,nan,-0.6781164488157189,3.10671358110962
0.4207889447236181,nan,-0.660299642503187,2.943770820168718
0.43078391959798995,nan,-0.6410251905908438,2.7857107902527196
0.44077889447236185,nan,-0.6200729276880212,2.6320840837023733
0.4507738693467337,nan,-0.5971728268567026,2.4824541805283595
0.46076884422110553,nan,-0.5719890831040323,2.3363890044025677
0.47076381909547743,nan,-0.5440974556894097,2.193451237505565
0.4807587939698493,nan,-0.512952197745572,2.053186556578715
0.4907537688442211,nan,-0.4778363764253156,1.9151085116846926
0.500748743718593,nan,-0.4377846897876342,1.7786779937071968
0.5107437185929649,nan,-0.3914586916819257,1.643273819428733
0.5207386934673367,nan,-0.33693520785411046,1.5081482410846772
0.5307336683417085,nan,-0.2713258990504954,1.372355623312181
0.5407286432160804,nan,-0.1900408940788677,1.2346302334149848
0.5507236180904523,nan,-0.08522004145497941,1.0931590604482893
0.5607185929648242,nan,0.05807581225406899,0.9451118610013897
0.570713567839196,nan,0.2730591389304806,0.7855094625377084
0.5807085427135679,nan,0.6563178934933871,0.6037488358535276
0.5907035175879397,nan,1.7318959838716257,0.36604614740228947
0.6006984924623116,nan,nan,nan
0.6106934673366835,nan,nan,nan
0.6206884422110553,nan,nan,nan
0.6306834170854272,nan,nan,nan
0.640678391959799,nan,nan,nan
0.6506733668341709,nan,nan,nan
0.6606683417085427,nan,nan,nan
0.6706633165829146,nan,nan,nan
0.6806582914572865,nan,nan,nan
0.6906532663316584,nan,nan,nan
0.7006482412060302,nan,nan,nan
0.710643216080402,nan,nan,nan
0.7206381909547739,nan,nan,nan
0.7306331658291457,nan,nan,nan
0.7406281407035177,nan,nan,nan
0.7506231155778895,nan,nan,nan
0.7606180904522614,nan,nan,nan
0.7706130653266332,nan,nan,nan
0.780608040201005,nan,nan,nan
0.7906030150753769,nan,nan,nan
0.8005979899497487,nan,nan,nan
0.8105929648241207,nan,nan,nan
0.8205879396984925,nan,nan,nan
0.8305829145728644,nan,nan,nan
0.8405778894472362,nan,nan,nan
0.8505728643216081,nan,nan,nan
0.8605678391959799,nan,nan,nan
0.8705628140703519,nan,nan,nan
0.8805577889447237,nan,nan,nan
0.8905527638190955,nan,nan,nan
0.9005477386934674,nan,nan,nan
0.9105427135678392,nan,nan,nan
0.9205376884422111,nan,nan,nan
0.930532663316583,nan,nan,nan
0.9405276381909549,nan,nan,nan
0.9505226130653267,nan,nan,nan
0.9605175879396985,nan,nan,nan
0.9705125628140704,nan,nan,nan
0.9805075376884422,nan,nan,nan
0.9905025125628141,nan,nan,nan
1.000497487437186,nan,nan,nan
1.0104924623115576,nan,nan,nan
1.0204874371859296,nan,nan,nan
1.0304824120603016,nan,nan,nan
1.0404773869346733,nan,nan,nan
1.0504723618090452,nan,nan,nan
1.060467336683417,nan,nan,nan
1.070462311557789,nan,nan,nan
1.0804572864321607,nan,nan,nan
1.0904522613065326,nan,nan,nan
1.1004472361809046,nan,nan,nan
1.1104422110552763,nan,nan,nan
1.1204371859296482,nan,nan,nan
1.13043216080402,nan,nan,nan
1.140427135678392,nan,nan,nan
1.1504221105527637,nan,nan,nan
1.1604170854271356,nan,nan,nan
1.1704120603015076,nan,nan,nan
1.1804070351758793,nan,nan,nan
1.1904020100502513,nan,nan,nan
1.200396984924623,nan,nan,nan
1.210391959798995,nan,nan,nan
1.220386934673367,nan,nan,nan
1.2303819095477386,nan,nan,nan
1.2403768844221106,nan,nan,nan
1.2503718592964823,nan,nan,nan
1.2603668341708543,nan,nan,nan
1.270361809045226,nan,nan,nan
1.280356783919598,nan,nan,nan
1.29035175879397,nan,nan,nan
1.3003467336683416,nan,nan,nan
1.3103417085427136,nan,nan,nan
1.3203366834170853,nan,nan,nan
1.3303316582914573,nan,nan,nan
1.340326633165829,nan,nan,nan
1.350321608040201,nan,nan,nan
1.360316582914573,nan,nan,nan
1.3703115577889446,nan,nan,nan
1.3803065326633166,nan,nan,nan
1.3903015075376883,nan,nan,nan
1.4002964824120603,nan,nan,nan
1.4102914572864322,nan,nan,nan
1.420286432160804,nan,nan,nan
1.430281407035176,nan,nan,nan
1.4402763819095477,nan,nan,nan
1.4502713567839196,nan,nan,nan
1.4602663316582913,nan,nan,nan
1.4702613065326633,nan,nan,nan
1.4802562814070352,nan,nan,nan
1.490251256281407,nan,nan,nan
1.500246231155779,nan,nan,nan
1.5102412060301507,nan,nan,nan
1.5202361809045226,nan,nan,nan
1.5302311557788943,nan,nan,nan
1.5402261306532663,nan,nan,nan
1.5502211055276383,nan,nan,nan
1.56021608040201,nan,nan,nan
1.570211055276382,nan,nan,nan
1.5802060301507537,nan,nan,nan
1.5902010050251256,nan,nan,nan
1.6001959798994974,nan,nan,nan
1.6101909547738693,nan,nan,nan
1.6201859296482413,nan,nan,nan
1.630180904522613,nan,nan,nan
1.640175879396985,nan,nan,nan
1.6501708542713567,nan,nan,nan
1.6601658291457286,nan,nan,nan
1.6701608040201006,nan,nan,nan
1.6801557788944723,nan,nan,nan
1.6901507537688443,nan,nan,nan
1.700145728643216,nan,nan,nan
1.710140703517588,nan,nan,nan
1.7201356783919597,nan,nan,nan
1.7301306532663316,nan,nan,nan
1.7401256281407036,nan,nan,nan
1.7501206030150753,nan,nan,nan
1.7601155778894473,nan,nan,nan
1.770110552763819,nan,nan,nan
1.780105527638191,nan,nan,nan
1.7901005025125627,nan,nan,nan
1.8000954773869347,nan,nan,nan
1.8100904522613066,nan,nan,nan
1.8200854271356783,nan,nan,nan
1.8300804020100503,nan,nan,nan
1.840075376884422,nan,nan,nan
1.850070351758794,nan,nan,nan
1.860065326633166,nan,18.45588374058765,0.05139833344675415
1.8700603015075377,nan,10.619781922262131,0.08606013492250804
1.8800552763819096,nan,8.112164766889363,0.10974340626869204
1.8900502512562813,nan,6.771648712591958,0.1286728256746546
1.9000452261306533,nan,5.9091130128145055,0.14473637906128847
1.910040201005025,nan,5.296616935922731,0.15881544171679185
1.920035175879397,nan,4.8340275934137065,0.17140817111131681
1.930030150753769,nan,4.469571550830544,0.18282967700608146
1.9400251256281407,nan,4.173444319903752,0.19329482220436914
1.9500201005025126,nan,3.9271222119224074,0.20295822936566282
1.9600150753768844,nan,3.7184102043334466,0.21193579122933967
1.9700100502512563,nan,3.5389106307049873,0.220317182108668
1.980005025125628,nan,3.382628165593002,0.2281735895029307
1.99,nan,3.2451537622890285,0.23556272775872084
