A_phi,m1_hypothetical_median,chirp_hypothetical_median,prob_in_mass_gap
0.3,25.620621396471314,19.450076866202377,0.0
0.31,26.47464210968703,20.098412761742456,0.0
0.32,27.32866282290274,20.746748657282538,0.0
0.32999999999999996,28.182683536118446,21.39508455282261,0.0
0.33999999999999997,29.036704249334157,22.043420448362692,0.0
0.35,29.890724962549868,22.691756343902775,0.0
0.36,30.74474567576558,23.340092239442853,0.0
0.37,31.59876638898129,23.988428134982932,0.0
0.38,32.452787102197,24.63676403052301,0.0
0.39,33.30680781541271,25.28509992606309,0.0
0.4,34.16082852862843,25.93343582160317,0.0
0.41,35.01484924184413,26.581771717143248,0.0
0.42,35.86886995505984,27.230107612683327,0.0
0.43,36.722890668275554,27.878443508223405,2.125759959185409e-05
0.44,37.57691138149127,28.526779403763484,8.503039836741636e-05
0.44999999999999996,38.430932094706975,29.175115299303563,0.0001913183963266868
0.45999999999999996,39.284952807922686,29.823451194843642,0.0003401215934696654
0.47,40.1389735211384,30.47178709038372,0.0006589855873474767
0.48,40.9929942343541,31.1201229859238,0.0011691679775519747
0.49,41.84701494756982,31.76845888146388,0.001955699162450576
0.5,42.70103566078553,32.41679477700396,0.0028485183453084476
0.51,43.55505637400124,33.06513067254404,0.003890140725309298
0.52,44.40907708721696,33.71346656808412,0.005484460694698354
0.53,45.26309780043266,34.3618024636242,0.00733387185918966
0.54,46.11711851364837,35.01013835916428,0.010331193401641087
0.55,46.97113922686408,35.65847425470436,0.014603970919603759
0.56,47.8251599400798,36.306810150244445,0.0197695676204243
0.5700000000000001,48.679180653295504,36.95514604578452,0.026295650695123508
0.5800000000000001,49.53320136651122,37.6034819413246,0.033608264954721315
0.59,50.387222079726925,38.251817836864674,0.04272777517962672
0.6,51.24124279294263,38.90015373240475,0.05369669656902343
0.61,52.095263506158346,39.54848962794483,0.0673228179074019
0.62,52.94928421937406,40.19682552348491,0.08254325921516942
0.63,53.80330493258977,40.84516141902499,0.09974065728497938
0.64,54.65732564580548,41.493497314565076,0.11948896730581182
0.65,55.51134635902119,42.14183321010515,0.14053399090174737
0.6599999999999999,56.36536707223689,42.79016910564522,0.16474639683686917
0.6699999999999999,57.219387785452604,43.438505001185305,0.19038306194464522
0.6799999999999999,58.073408498668314,44.086840896725384,0.2183580630075252
0.69,58.927429211884025,44.73517679226546,0.24714085285489562
0.7,59.781449925099736,45.38351268780555,0.27894222184430933
0.71,60.63547063831545,46.03184858334562,0.3122528804047447
0.72,61.48949135153116,46.68018447888571,0.34732791973130395
0.73,62.343512064746875,47.32852037442578,0.3826367926533736
0.74,63.19753277796258,47.976856269965864,0.41930615194932186
0.75,64.05155349117828,48.625192165505936,0.4574422856171081
0.76,64.905574204394,49.27352806104602,0.4958335104799966
0.77,65.75959491760972,49.9218639565861,0.5352451001232941
0.78,66.61361563082542,50.57019985212618,0.573274945793121
0.79,67.46763634404114,51.218535747666266,0.6109221546702946
0.8,68.32165705725686,51.86687164320634,0.6489094851409379
0.81,69.17567777047256,52.515207538746424,0.6844947068577016
0.8200000000000001,70.02969848368826,53.163543434286495,0.719846094978955
0.8300000000000001,70.883719196904,53.81187932982658,0.7538582543259215
0.8400000000000001,71.7377399101197,54.46021522536666,0.7837676969516603
0.8500000000000001,72.5917606233354,55.10855112090674,0.8134007907827048
0.8600000000000001,73.44578133655111,55.75688701644682,0.8402491390672165
0.8700000000000001,74.29980204976683,56.4052229119869,0.8653543641851962
0.8799999999999999,75.15382276298251,57.05355880752697,0.8867182517750095
0.8899999999999999,76.00784347619823,57.70189470306704,0.9059776370052294
0.8999999999999999,76.86186418941395,58.350230598607126,0.9237915054632031
0.9099999999999999,77.71588490262965,58.998566494147205,0.9386505675779091
0.9199999999999999,78.56990561584537,59.646902389687284,0.9520215977211853
0.9299999999999999,79.42392632906109,60.29523828522737,0.9623953063220101
0.94,80.2779470422768,60.94357418076744,0.9710471493558948
0.95,81.1319677554925,61.59191007630753,0.9776795204285532
0.96,81.9859884687082,62.2402459718476,0.9825900259342715
0.97,82.84000918192393,62.888581867387686,0.9865014242591726
0.98,83.69402989513964,63.53691776292776,0.9894562306024404
0.99,84.54805060835534,64.18525365846784,0.991539475362442
1.0,85.40207132157106,64.83358955400792,0.9931125377322393
