source,bh_mass_msun,l_peak_erg_s,l_edd_erg_s,eddington_ratio,log_l_peak,log_l_edd
ASASSN-14li,1000000.0,3.1622776601683794e+43,1.26e+44,0.25097441747368093,43.5,44.10037054511756
ASASSN-14ae,3160000.0,1e+43,3.9816e+44,0.02511553144464537,43.0,44.600057627735964
ASASSN-19qj,1000000.0,3.1622776601683794e+43,1.26e+44,0.25097441747368093,43.5,44.10037054511756
iPTF16fnl,316000.0,3.162277660168379e+42,3.9816e+43,0.07942228401065851,42.5,43.600057627735964
PTF09ge,1000000.0,1e+43,1.26e+44,0.07936507936507937,43.0,44.10037054511756
ASASSN-18pg,10000000.0,1e+44,1.26e+45,0.07936507936507937,44.0,45.10037054511756
ZTF19aamqjar,1000000.0,3.1622776601683794e+43,1.26e+44,0.25097441747368093,43.5,44.10037054511756
AT2019qiz,1000000.0,6.309573444801892e+42,1.26e+44,0.050075979720649935,42.8,44.10037054511756
AT2018fyk,10000000.0,3.1622776601683794e+43,1.26e+45,0.02509744174736809,43.5,45.10037054511756
